session_id,window_checkpoint,window_id,fatigue_score,mean_press_dur,std_press_dur,mean_inter_pause,backspace_rate,typing_speed_kps,rhythm_variability,mean_mouse_speed,movement_jitter,click_precision,click_rate,accuracy,mean_response_time,std_response_time,time_on_task,careless_error_rate,effortful_error_rate,break_count,total_break_duration,difficulty_tier,predicted_fatigue_score,prediction_error,absolute_prediction_error,actual_fatigue_category,predicted_fatigue_category,error_rate
demo_session_01,10,demo_session_01_Q10,2,0.11382526159286499,0.017935790273316335,1.4823193903322573,0.10714285714285714,0.6996043118646572,1.5175451483747953,204.83904781140686,2.1817293803102826,2.8284271247461903,0.2296320522450438,0.9,4.354792766180938,0.5302057771017353,43.54792737960816,0.1,0.0,0,0.0,2,2.02,0.02,0.02,Alert (Low Fatigue),Alert (Low Fatigue),0.1
demo_session_01,20,demo_session_01_Q20,3,0.11849756594057437,0.02637740798011447,2.7044947239068837,0.1111111111111111,0.38397617465542255,4.910971810555937,245.304223022997,2.2070280560965436,3.3941125496954285,0.2048360837085131,0.9,4.881952348898767,0.9672122506235443,117.61460661888124,0.1,0.0,2,25.247155532,2,3.01,0.01,0.01,Moderate Alertness,Moderate Alertness,0.1
demo_session_01,30,demo_session_01_Q30,4,0.14051119486490884,0.01652455360156173,2.3546287323299206,0.20512820512820512,0.43587159851656865,5.027397607227664,289.50160935980796,2.2510693366314913,8.202438661763953,0.1736136146832012,1.0,5.759916938684416,1.1877842630051298,211.0979390144348,0.0,0.0,2,35.88416268,2,4.0,0.0,0.0,Moderate Alertness,Moderate Alertness,0.0
demo_session_01,40,demo_session_01_Q40,5,0.1501283198595047,0.017312369047399877,1.9015111466671557,0.2708333333333333,0.5370868309316553,4.521614621118003,337.07956355268357,2.230850211970607,6.081118318204309,0.15547332394468266,0.7,6.431971573179972,0.9712550687850453,313.86487340927124,0.1,0.2,3,38.447218627,2,4.99,-0.01,0.01,Mild Fatigue,Mild Fatigue,0.3
demo_session_01,50,demo_session_01_Q50,6,0.16791779062022333,0.024393884850247127,1.5661300500233968,0.2826086956521739,0.6527058351296886,2.1895539099475574,387.06643866286424,2.241059157157402,8.48528137423857,0.14816084502067345,0.8,6.749421548321125,0.8540405879408504,388.1463782787323,0.0,0.2,1,6.787289498,2,5.98,-0.02,0.02,Severe Fatigue,Severe Fatigue,0.2
demo_session_02,10,demo_session_02_Q10,2,0.10579415468069223,0.018266643809471746,1.6990349006652832,0.07692307692307693,0.61211220534244,1.7344506458922102,209.3612772835824,2.176666581123317,3.5355339059327378,0.21081686241396932,0.9,4.743453576480784,1.2019753911645281,47.43453598022461,0.1,0.0,0,0.0,2,2.02,0.02,0.02,Alert (Low Fatigue),Alert (Low Fatigue),0.1
demo_session_02,20,demo_session_02_Q20,3,0.13089897130665026,0.022698786701910858,1.7265557791735675,0.13157894736842105,0.5948414985576796,3.1634049832556888,266.42860441895556,2.2461974283307624,5.798275605729691,0.18508149847610803,0.9,5.403025198270096,0.9825013663242603,115.71425938606262,0.1,0.0,1,14.24947117,2,3.01,0.01,0.01,Moderate Alertness,Moderate Alertness,0.1
demo_session_02,30,demo_session_02_Q30,4,0.1376140004112607,0.023009228893401013,1.8204703040239287,0.23809523809523808,0.562706374082647,3.7088166219063092,287.7833137361355,2.2201379414432667,6.222539674441618,0.18114159759222795,0.8,5.520543118158443,0.8311285719537984,196.49805617332456,0.1,0.1,2,25.578365699,2,4.0,0.0,0.0,Moderate Alertness,Moderate Alertness,0.2
demo_session_02,40,demo_session_02_Q40,5,0.14590324759483336,0.018163868789714828,2.4040074042784862,0.225,0.4266380477096953,4.6845541851244645,324.3063369633708,2.216828859249925,9.758073580374356,0.17479992623608315,0.8,5.720826212760579,0.42034420816879947,295.91466426849365,0.1,0.1,3,42.208346500000005,2,4.99,-0.01,0.01,Mild Fatigue,Mild Fatigue,0.2
demo_session_02,50,demo_session_02_Q50,6,0.16250858915613053,0.020906592387083922,1.44763722108758,0.2765957446808511,0.7057977755415621,1.7023379385940827,390.62265073190673,2.186652052517939,8.485281374238571,0.14403075257536108,0.8,6.94296170865851,1.0993315614743835,365.3442814350128,0.0,0.2,0,0.0,2,5.98,-0.02,0.02,Severe Fatigue,Severe Fatigue,0.2
demo_session_03,10,demo_session_03_Q10,2,0.10854613369908826,0.018563992870214045,1.428070800645011,0.13793103448275862,0.7252541577395805,1.4143575222814535,195.2611288743977,2.1507902758125717,1.6970562748477143,0.2340613969993948,1.0,4.27238328412859,0.5594671251209216,42.723832845687866,0.0,0.0,0,0.0,2,2.02,0.02,0.02,Alert (Low Fatigue),Alert (Low Fatigue),0.0
demo_session_03,20,demo_session_03_Q20,3,0.12673766016960145,0.02752840520773626,1.2819440853901398,0.175,0.8000668963099804,1.5952410844010338,255.58824450726317,2.2277546488920796,3.9597979746446668,0.18568310597468268,0.6,5.38551956437193,1.3010553060311634,96.57902836799622,0.4,0.0,0,0.0,2,3.01,0.01,0.01,Moderate Alertness,Moderate Alertness,0.4
demo_session_03,30,demo_session_03_Q30,4,0.14206814020872116,0.022381099948708006,3.623584447368499,0.1875,0.28487208715827506,6.704088462950488,290.31347864838546,2.2112499749733407,5.091168824543142,0.17027610574595717,0.9,5.872814600845678,0.9140797973508439,210.1260771751404,0.0,0.1,3,54.81890292,2,4.0,0.0,0.0,Moderate Alertness,Moderate Alertness,0.1
demo_session_03,40,demo_session_03_Q40,5,0.15618998663766043,0.023528206908373695,2.0219408302772335,0.2619047619047619,0.5066371026109514,4.5904357079370275,327.6799119797585,2.2260285494219256,11.59655121145938,0.1633615873127839,0.7,6.12139007981924,0.652017824796374,295.68047642707825,0.1,0.2,1,24.34049846,2,4.99,-0.01,0.01,Mild Fatigue,Mild Fatigue,0.3
demo_session_03,50,demo_session_03_Q50,6,0.16250166893005372,0.023730946631681252,2.1688053032447554,0.16666666666666666,0.4769827688419045,2.327346572912405,394.40463718250584,2.2403946146639306,14.283556979968258,0.14559287524831885,0.7,6.868467967916905,0.9668999224896223,364.36515617370605,0.0,0.3,0,0.0,2,5.98,-0.02,0.02,Severe Fatigue,Severe Fatigue,0.3
demo_session_04,10,demo_session_04_Q10,2,0.11033211708068848,0.016945016124520325,1.7329933444658916,0.12,0.601079438644762,1.7689615492745316,193.9869941623273,2.177776009274846,2.545584412271571,0.21931242133858983,0.9,4.559705254706619,0.8639701399232339,45.59705257415772,0.1,0.0,0,0.0,2,2.02,0.02,0.02,Alert (Low Fatigue),Alert (Low Fatigue),0.1
demo_session_04,20,demo_session_04_Q20,3,0.12231396927553065,0.023547355421168266,1.3737584966601748,0.17647058823529413,0.7499884679933633,1.4992698887441585,252.66004920819776,2.2056277944156446,10.040916292848975,0.19876692115751968,0.7,5.0310182105578605,0.644875775859221,95.90723466873168,0.2,0.1,0,0.0,2,3.01,0.01,0.01,Moderate Alertness,Moderate Alertness,0.3
demo_session_04,30,demo_session_04_Q30,4,0.14563976923624675,0.01658145797491868,2.318709496794076,0.2,0.4461459100637659,3.3392116254427986,310.9237864616675,2.2529031189722897,7.212489168102785,0.1646274925174034,0.9,6.07431957268186,0.786337077919389,168.6873438358307,0.0,0.1,1,12.03691372,2,4.0,0.0,0.0,Moderate Alertness,Moderate Alertness,0.1
demo_session_04,40,demo_session_04_Q40,5,0.15076371785756704,0.021570847692194684,2.529540220896403,0.24324324324324326,0.4063101148925634,5.160142170073105,336.9841938288532,2.2315641824352617,5.656854249492381,0.165855308981287,0.9,6.029351765356075,0.6105683014341131,263.9125747680664,0.0,0.1,2,34.931713419999994,2,4.99,-0.01,0.01,Mild Fatigue,Mild Fatigue,0.1
demo_session_04,50,demo_session_04_Q50,6,0.1693667322397232,0.020805413076274672,1.4529886550091682,0.2916666666666667,0.7028799517627594,1.7104111067362557,392.3134365449847,2.234278203065172,10.889444430272833,0.14114821298766847,0.7,7.084751403033107,1.1017197757300852,334.7600884437561,0.0,0.3,0,0.0,2,5.98,-0.02,0.02,Severe Fatigue,Severe Fatigue,0.3
demo_session_05,10,demo_session_05_Q10,2,0.11239557606833321,0.0255464949946692,1.872111991599754,0.10714285714285714,0.5539396369930144,2.3656134050106763,199.69649563646158,2.1602598365027714,3.111269837220809,0.2110930201068235,0.9,4.7372480600919475,1.0744660171753089,54.40143847465515,0.1,0.0,1,7.028957879,2,2.02,0.02,0.02,Alert (Low Fatigue),Alert (Low Fatigue),0.1
demo_session_05,20,demo_session_05_Q20,3,0.120451420545578,0.021445121339893333,4.933315795400868,0.08333333333333333,0.21151661562844973,7.873737861574504,222.36403729200526,2.190266854576838,4.949747468305833,0.1900175892089549,0.8,5.262670704133285,0.7620950028379246,173.26975107192993,0.1,0.1,4,66.241605327,2,3.01,0.01,0.01,Moderate Alertness,Moderate Alertness,0.2
demo_session_05,30,demo_session_05_Q30,4,0.13928272931472116,0.0210829996585206,1.2591839578416613,0.2608695652173913,0.8118132508409576,1.942012996417738,285.9246891538201,2.2195815102833074,4.949747468305832,0.188455305487733,0.8,5.306297943758831,0.38778881801462667,234.12354040145877,0.1,0.1,1,7.790810154,2,4.0,0.0,0.0,Moderate Alertness,Moderate Alertness,0.2
demo_session_05,40,demo_session_05_Q40,5,0.14869949221611023,0.025275423013875378,1.6176674873270886,0.2916666666666667,0.6313266500967767,2.420930358796758,338.21769874693956,2.2292631917599435,5.091168824543142,0.14624669941461788,0.9,6.837761152919711,0.9164026396238674,326.0079720020294,0.0,0.1,3,23.506820062,2,4.99,-0.01,0.01,Mild Fatigue,Mild Fatigue,0.1
demo_session_05,50,demo_session_05_Q50,6,0.16738980346255833,0.0205943284778029,2.566487503051758,0.25,0.4007700903855465,4.612834709071381,382.244234895302,2.223830697395524,10.323759005323595,0.14612367282259672,0.7,6.84351810136926,0.7971716776759443,422.3978295326233,0.0,0.3,2,27.95467674,2,5.98,-0.02,0.02,Severe Fatigue,Severe Fatigue,0.3
demo_session_06,10,demo_session_06_Q10,2,0.1098786449432373,0.020435581768662656,2.97830464442571,0.12,0.3497515503043932,5.746400719924379,192.38536854857537,2.1841830537796807,3.3941125496954276,0.21743907362175632,0.9,4.598989424226202,0.9126903906533465,75.21935296058655,0.1,0.0,2,29.229458721,2,2.02,0.02,0.02,Alert (Low Fatigue),Alert (Low Fatigue),0.1
demo_session_06,20,demo_session_06_Q20,3,0.12326350808143616,0.020045942087129006,1.6110111128899358,0.21875,0.6407516721994535,1.7922420089324067,245.70116351344802,2.2343531394228706,7.636753236814714,0.18366746891144387,0.9,5.444622316226042,0.801777739511945,129.66557621955872,0.1,0.0,0,0.0,2,3.01,0.01,0.01,Moderate Alertness,Moderate Alertness,0.1
demo_session_06,30,demo_session_06_Q30,4,0.1340154892689473,0.02392754566454731,2.5869530306922064,0.16216216216216217,0.3972927863722246,5.74916747440066,294.99207751312923,2.2406741167173903,7.353910524340096,0.1862663698292503,1.0,5.368655656502547,0.6287704451997428,227.01200580596924,0.0,0.0,2,43.65987311,2,4.0,0.0,0.0,Moderate Alertness,Moderate Alertness,0.0
demo_session_06,40,demo_session_06_Q40,5,0.14876364839488063,0.01997626143702682,3.1786159787859236,0.1724137931034483,0.32583812974786536,4.88570671837222,336.2817356278029,2.25129190276716,9.475230867899736,0.17121316713753276,0.6,5.840672284256714,0.554017137373513,321.8773548603058,0.0,0.4,4,36.458626928,2,4.99,-0.01,0.01,Mild Fatigue,Mild Fatigue,0.4
demo_session_06,50,demo_session_06_Q50,6,0.16400590721441774,0.02090610222813894,1.88514144718647,0.30612244897959184,0.5415155106036756,4.206485234504037,384.8180160483354,2.2368029429505145,10.323759005323595,0.15394718919527334,0.7,6.495734058070761,0.3521247598553651,416.40081667900085,0.0,0.3,2,29.566121405,2,5.98,-0.02,0.02,Severe Fatigue,Severe Fatigue,0.3
demo_session_07,10,demo_session_07_Q10,2,0.11203061739603679,0.019715676572617354,2.350202872835357,0.13333333333333333,0.44016743004515946,4.092573160740671,188.4505420853837,2.258773060384123,2.8284271247461907,0.1981183609079446,0.9,5.0474877513480365,0.8345549943586251,73.94612050056458,0.1,0.0,2,23.47124308,2,2.02,0.02,0.02,Alert (Low Fatigue),Alert (Low Fatigue),0.1
demo_session_07,20,demo_session_07_Q20,3,0.12449510892232259,0.018678255928387094,1.7247471809387207,0.14814814814814814,0.6020949330651113,1.70175683064833,251.30891891793456,2.239836203107194,3.676955262170047,0.20880184870001947,0.6,4.789229627160417,0.7465753924935115,121.83841681480408,0.4,0.0,0,0.0,2,3.01,0.01,0.01,Moderate Alertness,Moderate Alertness,0.4
demo_session_07,30,demo_session_07_Q30,4,0.13963618645301232,0.02032229596018986,1.9626955170380442,0.2564102564102564,0.5229113637669711,4.217380397643437,290.7118320377951,2.2447406904589453,7.919595949289333,0.1731999188214143,0.7,5.773674761540135,1.064823307770968,201.0567376613617,0.3,0.0,1,21.48157316,2,4.0,0.0,0.0,Moderate Alertness,Moderate Alertness,0.3
demo_session_07,40,demo_session_07_Q40,5,0.1469703135283097,0.0221156763876081,1.8913287745581733,0.2608695652173913,0.5404783324681453,4.230428227300913,344.98844968602594,2.2205596229510203,8.485281374238571,0.1720143199543055,0.9,5.813469484782684,0.4145757994505187,290.05618262290955,0.0,0.1,2,30.864750037,2,4.99,-0.01,0.01,Mild Fatigue,Mild Fatigue,0.1
demo_session_07,50,demo_session_07_Q50,6,0.16498524433857686,0.018156942379159807,2.0262865357928805,0.24324324324324326,0.5072223299236458,2.5691901560414956,394.45701323623825,2.2301677115998673,10.889444430272832,0.13734296643912217,0.5,7.281042676788651,1.2311839946544103,390.2226285934448,0.0,0.5,2,27.356019522,2,5.98,-0.02,0.02,Severe Fatigue,Severe Fatigue,0.5
demo_session_08,10,demo_session_08_Q10,2,0.11159253120422363,0.0206069354888307,1.9108255876077187,0.21052631578947367,0.5374781632021298,3.5146320051197004,194.19648222756868,2.2289649578536617,3.818376618407357,0.1896828834891394,0.9,5.271956971580183,1.213235260737746,75.83818769454956,0.0,0.1,2,23.11861776,2,2.02,0.02,0.02,Alert (Low Fatigue),Alert (Low Fatigue),0.1
demo_session_08,20,demo_session_08_Q20,3,0.11916620532671611,0.019232640463414597,3.3826744660087256,0.041666666666666664,0.30847729255507783,5.9718970261728455,231.25965637114115,2.2248820286464595,5.091168824543142,0.21734973654147682,0.7,4.600879742999689,0.4489010209227398,157.55931210517883,0.3,0.0,2,35.712327110000004,2,3.01,0.01,0.01,Moderate Alertness,Moderate Alertness,0.3
demo_session_08,30,demo_session_08_Q30,4,0.136784459415235,0.020447450532024302,1.4423169445347142,0.21052631578947367,0.7120675042463305,1.6146493762463374,294.26310237030236,2.246238924198207,4.666904755831213,0.1770962872541925,0.8,5.6466457626221445,0.8156049491601265,214.02576994895932,0.1,0.1,0,0.0,2,4.0,0.0,0.0,Moderate Alertness,Moderate Alertness,0.2
demo_session_08,40,demo_session_08_Q40,5,0.15504634380340576,0.020016598517494964,1.7679333737555971,0.3125,0.5776669024439517,4.149281813131012,348.75902959965356,2.253799608390022,11.45512985522207,0.15348474523603045,0.6,6.515305468710845,1.0957003516584511,302.65590476989746,0.1,0.3,1,23.47708007,2,4.99,-0.01,0.01,Mild Fatigue,Mild Fatigue,0.4
demo_session_08,50,demo_session_08_Q50,6,0.16069867610931396,0.01881149670984014,2.0793560529366517,0.25,0.49324935197727393,3.59557171192389,386.5276784676067,2.2271906118518827,10.323759005323593,0.14051288979247653,0.6,7.116784812246761,0.9747296953245378,390.50251817703247,0.0,0.4,1,16.67876501,2,5.98,-0.02,0.02,Severe Fatigue,Severe Fatigue,0.4
session_20261007_125714,10,session_20261007_125714_Q10,4,0.07771655491420201,0.0302912669635786,4.3671524789598255,0.07142857142857142,0.23746297891665097,5.702477951051258,1353.6790060909227,1.7739520978973584,424.24485260566627,0.04875468700957519,0.8,12.306509113311767,5.101814206550747,123.28487277030943,0.0,0.2,0,0.0,2,4.0,0.0,0.0,Moderate Alertness,Moderate Alertness,0.2
