feature,f_statistic,p_value,significant_p05,mean_abs_shap_impact,importance_rank
time_on_task,202.7553507918061,3.734659867022499e-24,True,0.0,10
mean_press_dur,35.37222899272118,5.1813717559217484e-12,True,0.7427,1
effortful_error_rate,21.313776347244584,4.386969196263693e-09,True,0.0,10
backspace_rate,13.2996668051684,9.473038023900134e-07,True,0.0,10
click_rate,12.454472928967483,1.8527475543022889e-06,True,0.0,10
careless_error_rate,7.408255159474676,0.00018431736026494586,True,0.0,10
mean_response_time,5.871991151269665,0.0009606902260492188,True,0.0,10
accuracy,5.721746546136791,0.001137530066325116,True,0.0,10
mean_mouse_speed,2.5005815083253475,0.05954185085009062,False,0.7078,2
break_count,2.391991054581032,0.06869935757413304,False,0.0,10
total_break_duration,2.073250668469189,0.10469094438006299,False,0.0,10
rhythm_variability,1.645995783702888,0.1840134487502664,False,0.0,10
click_precision,0.8766679193998949,0.4874916929918498,False,0.0,10
std_response_time,0.8394752607426212,0.5092950051917915,False,0.0,10
std_press_dur,0.820162594768686,0.5208908587769894,False,0.0,10
movement_jitter,0.7292528525259089,0.577898223856774,False,0.0,10
mean_inter_pause,0.6745927274042387,0.6139659333018116,False,0.0,10
typing_speed_kps,0.4365748135277263,0.7812866512043999,False,0.0,10
