session_id,question_index,question_text,correct_answer,user_answer,is_correct,response_time_sec,elapsed_session_time_sec,difficulty_tier,window_checkpoint,is_careless_error,is_effortful_error
demo_session_01,1,8 * 10 = ?,80,80,1,4.165506277696141,4.165506362915039,Tier 2 - Medium Arithmetic,10,0,0
demo_session_01,2,4 * 9 = ?,36,36,1,4.400301701976681,8.565808057785034,Tier 2 - Medium Arithmetic,10,0,0
demo_session_01,3,61 - 20 = ?,41,41,1,4.092377763383262,12.658185720443726,Tier 2 - Medium Arithmetic,10,0,0
demo_session_01,4,85 - 47 = ?,38,38,1,3.778682723275341,16.43686842918396,Tier 2 - Medium Arithmetic,10,0,0
demo_session_01,5,10 * 8 = ?,80,80,1,5.715408382602615,22.152276754379272,Tier 2 - Medium Arithmetic,10,0,0
demo_session_01,6,21 + 47 = ?,68,68,1,4.330704788229649,26.48298144340515,Tier 2 - Medium Arithmetic,10,0,0
demo_session_01,7,39 + 50 = ?,89,89,1,4.198331356297502,30.681312799453732,Tier 2 - Medium Arithmetic,10,0,0
demo_session_01,8,69 - 24 = ?,45,46,0,3.9518915411244735,34.633204221725464,Tier 2 - Medium Arithmetic,10,1,0
demo_session_01,9,14 * 11 = ?,154,154,1,4.331478147749299,38.96468234062195,Tier 2 - Medium Arithmetic,10,0,0
demo_session_01,10,69 + 62 = ?,131,131,1,4.583244979474415,43.54792737960816,Tier 2 - Medium Arithmetic,10,0,0
demo_session_01,11,5 * 10 = ?,50,50,1,4.786465356391484,48.334392786026,Tier 2 - Medium Arithmetic,20,0,0
demo_session_01,12,4 * 6 = ?,24,24,1,4.03133138719906,52.36572408676148,Tier 2 - Medium Arithmetic,20,0,0
demo_session_01,13,49 + 48 = ?,97,97,1,3.965350084217772,56.331074237823486,Tier 2 - Medium Arithmetic,20,0,0
demo_session_01,14,75 + 62 = ?,137,137,1,4.671101370183833,61.0021755695343,Tier 2 - Medium Arithmetic,20,0,0
demo_session_01,15,39 + 43 = ?,82,82,1,4.126351050028498,65.12852668762207,Tier 2 - Medium Arithmetic,20,0,0
demo_session_01,16,87 - 10 = ?,77,77,1,5.385014950175323,70.51354169845581,Tier 2 - Medium Arithmetic,20,0,0
demo_session_01,17,60 - 19 = ?,41,41,1,7.28630589133177,77.79984760284424,Tier 2 - Medium Arithmetic,20,0,0
demo_session_01,18,13 * 4 = ?,52,62,0,4.82218540464253,88.4802634716034,Tier 2 - Medium Arithmetic,20,1,0
demo_session_01,19,89 - 33 = ?,56,56,1,4.561630245840072,112.43081879615784,Tier 2 - Medium Arithmetic,20,0,0
demo_session_01,20,36 + 21 = ?,57,57,1,5.183787748977333,117.61460661888124,Tier 2 - Medium Arithmetic,20,0,0
demo_session_01,21,89 - 36 = ?,53,53,1,5.027543940155999,122.64215064048769,Tier 2 - Medium Arithmetic,30,0,0
demo_session_01,22,42 + 77 = ?,119,119,1,8.330450088100209,155.08915495872498,Tier 2 - Medium Arithmetic,30,0,0
demo_session_01,23,6 * 4 = ?,24,24,1,5.044988548533977,160.13414359092712,Tier 2 - Medium Arithmetic,30,0,0
demo_session_01,24,49 - 30 = ?,19,19,1,4.725766401711814,164.8599100112915,Tier 2 - Medium Arithmetic,30,0,0
demo_session_01,25,11 * 7 = ?,77,77,1,6.118277682967044,170.97818779945374,Tier 2 - Medium Arithmetic,30,0,0
demo_session_01,26,41 + 40 = ?,81,81,1,5.039051759036632,176.01723957061768,Tier 2 - Medium Arithmetic,30,0,0
demo_session_01,27,13 * 10 = ?,130,130,1,5.025318790151289,181.04255843162537,Tier 2 - Medium Arithmetic,30,0,0
demo_session_01,28,57 + 23 = ?,80,80,1,6.898400122287336,187.94095849990845,Tier 2 - Medium Arithmetic,30,0,0
demo_session_01,29,47 - 34 = ?,13,13,1,4.834301023459293,204.54286789894104,Tier 2 - Medium Arithmetic,30,0,0
demo_session_01,30,58 + 44 = ?,102,102,1,6.5550710304405655,211.0979390144348,Tier 2 - Medium Arithmetic,30,0,0
demo_session_01,31,77 - 13 = ?,64,64,1,7.2517486501118436,226.13508248329163,Tier 2 - Medium Arithmetic,40,0,0
demo_session_01,32,86 - 39 = ?,47,47,1,7.064332522387206,233.1994149684906,Tier 2 - Medium Arithmetic,40,0,0
demo_session_01,33,88 - 76 = ?,12,22,0,5.646645404456626,238.8460602760315,Tier 2 - Medium Arithmetic,40,0,1
demo_session_01,34,81 + 69 = ?,150,150,1,6.815627819741572,245.66168808937076,Tier 2 - Medium Arithmetic,40,0,0
demo_session_01,35,82 - 21 = ?,61,60,0,5.7581718065254766,251.41985988616943,Tier 2 - Medium Arithmetic,40,0,1
demo_session_01,36,81 - 33 = ?,48,50,0,5.373482886032777,266.97442412376404,Tier 2 - Medium Arithmetic,40,1,0
demo_session_01,37,69 - 57 = ?,12,12,1,8.338468737932494,275.3128929138184,Tier 2 - Medium Arithmetic,40,0,0
demo_session_01,38,33 - 32 = ?,1,1,1,5.88311805357352,301.6767535209656,Tier 2 - Medium Arithmetic,40,0,0
demo_session_01,39,56 + 46 = ?,102,102,1,5.417510248774178,307.094263792038,Tier 2 - Medium Arithmetic,40,0,0
demo_session_01,40,49 + 69 = ?,118,118,1,6.7706096022640185,313.86487340927124,Tier 2 - Medium Arithmetic,40,0,0
demo_session_01,41,53 - 24 = ?,29,29,1,5.990703098094553,319.8555765151977,Tier 2 - Medium Arithmetic,50,0,0
demo_session_01,42,76 - 63 = ?,13,13,1,6.604351655161279,326.45992827415466,Tier 2 - Medium Arithmetic,50,0,0
demo_session_01,43,50 + 55 = ?,105,107,0,6.064523124913022,332.5244514942169,Tier 2 - Medium Arithmetic,50,0,1
demo_session_01,44,64 + 34 = ?,98,98,1,7.489715365913188,340.0141668319702,Tier 2 - Medium Arithmetic,50,0,0
demo_session_01,45,9 * 8 = ?,72,72,1,8.390666178421545,355.1921224594116,Tier 2 - Medium Arithmetic,50,0,0
demo_session_01,46,12 * 6 = ?,72,72,1,7.621203666279417,362.8133261203766,Tier 2 - Medium Arithmetic,50,0,0
demo_session_01,47,64 - 36 = ?,28,29,0,6.152971795385893,368.96629786491394,Tier 2 - Medium Arithmetic,50,0,1
demo_session_01,48,12 * 5 = ?,60,60,1,6.238854664322977,375.2051525115967,Tier 2 - Medium Arithmetic,50,0,0
demo_session_01,49,72 + 52 = ?,124,124,1,7.072717978056652,382.2778704166413,Tier 2 - Medium Arithmetic,50,0,0
demo_session_01,50,10 * 5 = ?,50,50,1,5.868507956662728,388.1463782787323,Tier 2 - Medium Arithmetic,50,0,0
demo_session_02,1,33 - 31 = ?,2,2,1,3.822224962139872,3.8222248554229736,Tier 2 - Medium Arithmetic,10,0,0
demo_session_02,2,45 + 15 = ?,60,60,1,3.566874716116306,7.389099597930908,Tier 2 - Medium Arithmetic,10,0,0
demo_session_02,3,52 - 35 = ?,17,17,1,5.881900196488859,13.270999908447266,Tier 2 - Medium Arithmetic,10,0,0
demo_session_02,4,74 + 52 = ?,126,126,1,3.317448375005805,16.58844828605652,Tier 2 - Medium Arithmetic,10,0,0
demo_session_02,5,69 + 48 = ?,117,117,1,3.8816970771962698,20.47014546394348,Tier 2 - Medium Arithmetic,10,0,0
demo_session_02,6,13 * 9 = ?,117,117,1,3.6329432329306,24.10308861732483,Tier 2 - Medium Arithmetic,10,0,0
demo_session_02,7,8 * 6 = ?,48,48,1,6.52489377402432,30.62798237800598,Tier 2 - Medium Arithmetic,10,0,0
demo_session_02,8,42 + 35 = ?,77,77,1,5.828367887351431,36.456350326538086,Tier 2 - Medium Arithmetic,10,0,0
demo_session_02,9,33 + 55 = ?,88,88,1,5.518847664114928,41.9751980304718,Tier 2 - Medium Arithmetic,10,0,0
demo_session_02,10,9 * 7 = ?,63,53,0,5.4593378794394445,47.43453598022461,Tier 2 - Medium Arithmetic,10,1,0
demo_session_02,11,74 + 77 = ?,151,151,1,4.930368737323791,52.3649046421051,Tier 2 - Medium Arithmetic,20,0,0
demo_session_02,12,12 * 10 = ?,120,120,1,4.00391599458288,56.368820667266846,Tier 2 - Medium Arithmetic,20,0,0
demo_session_02,13,41 - 19 = ?,22,22,1,4.60985228511179,60.97867298126221,Tier 2 - Medium Arithmetic,20,0,0
demo_session_02,14,83 + 63 = ?,146,146,1,7.254881549374272,68.23355460166931,Tier 2 - Medium Arithmetic,20,0,0
demo_session_02,15,64 + 55 = ?,119,119,1,6.04423158362402,88.52725744247437,Tier 2 - Medium Arithmetic,20,0,0
demo_session_02,16,6 * 7 = ?,42,43,0,4.57336906885108,93.10062646865843,Tier 2 - Medium Arithmetic,20,1,0
demo_session_02,17,44 + 58 = ?,102,102,1,5.294263056835582,98.3948895931244,Tier 2 - Medium Arithmetic,20,0,0
demo_session_02,18,50 + 78 = ?,128,128,1,5.930231537613793,104.3251211643219,Tier 2 - Medium Arithmetic,20,0,0
demo_session_02,19,83 + 60 = ?,143,143,1,5.027812690092895,109.352933883667,Tier 2 - Medium Arithmetic,20,0,0
demo_session_02,20,80 + 36 = ?,116,116,1,6.361325479290852,115.71425938606262,Tier 2 - Medium Arithmetic,20,0,0
demo_session_02,21,21 + 52 = ?,73,73,1,4.424494772761913,120.1387541294098,Tier 2 - Medium Arithmetic,30,0,0
demo_session_02,22,11 * 8 = ?,88,90,0,4.851749494991381,124.9905035495758,Tier 2 - Medium Arithmetic,30,1,0
demo_session_02,23,49 + 47 = ?,96,96,1,5.655482368236437,130.6459858417511,Tier 2 - Medium Arithmetic,30,0,0
demo_session_02,24,36 + 76 = ?,112,122,0,6.955531271875408,137.60151720046997,Tier 2 - Medium Arithmetic,30,0,1
demo_session_02,25,14 * 8 = ?,112,112,1,4.839528683843642,142.44104599952698,Tier 2 - Medium Arithmetic,30,0,0
demo_session_02,26,31 - 22 = ?,9,9,1,5.718727448520043,148.15977334976196,Tier 2 - Medium Arithmetic,30,0,0
demo_session_02,27,55 + 71 = ?,126,126,1,5.715521747971714,153.87529516220093,Tier 2 - Medium Arithmetic,30,0,0
demo_session_02,28,63 + 34 = ?,97,97,1,5.341741320265939,167.5331892967224,Tier 2 - Medium Arithmetic,30,0,0
demo_session_02,29,9 * 5 = ?,45,45,1,4.929620629723716,172.46281003952026,Tier 2 - Medium Arithmetic,30,0,0
demo_session_02,30,51 - 21 = ?,30,30,1,6.773033443394244,196.49805617332456,Tier 2 - Medium Arithmetic,30,0,0
demo_session_02,31,11 * 6 = ?,66,66,1,4.972803124821797,201.4708592891693,Tier 2 - Medium Arithmetic,40,0,0
demo_session_02,32,69 + 25 = ?,94,94,1,5.130712707442718,206.6015720367432,Tier 2 - Medium Arithmetic,40,0,0
demo_session_02,33,97 - 75 = ?,22,22,1,5.889708808252951,223.0390648841858,Tier 2 - Medium Arithmetic,40,0,0
demo_session_02,34,59 + 57 = ?,116,116,1,5.678388220716737,228.7174530029297,Tier 2 - Medium Arithmetic,40,0,0
demo_session_02,35,68 + 54 = ?,122,122,1,5.734132561631783,251.2085497379303,Tier 2 - Medium Arithmetic,40,0,0
demo_session_02,36,35 - 13 = ?,22,21,0,5.597345464585844,256.80589509010315,Tier 2 - Medium Arithmetic,40,1,0
demo_session_02,37,86 - 75 = ?,11,21,0,6.092150254918722,262.8980453014374,Tier 2 - Medium Arithmetic,40,0,1
demo_session_02,38,42 - 23 = ?,19,19,1,5.821232319429709,268.71927762031555,Tier 2 - Medium Arithmetic,40,0,0
demo_session_02,39,91 - 46 = ?,45,45,1,5.893550144898636,289.5164258480072,Tier 2 - Medium Arithmetic,40,0,0
demo_session_02,40,8 * 11 = ?,88,88,1,6.398238520906893,295.91466426849365,Tier 2 - Medium Arithmetic,40,0,0
demo_session_02,41,10 * 4 = ?,40,40,1,5.709413186937318,301.62407755851746,Tier 2 - Medium Arithmetic,50,0,0
demo_session_02,42,39 + 26 = ?,65,75,0,6.725079318069197,308.34915685653687,Tier 2 - Medium Arithmetic,50,0,1
demo_session_02,43,44 - 23 = ?,21,21,1,6.298820321096996,314.6479771137237,Tier 2 - Medium Arithmetic,50,0,0
demo_session_02,44,5 * 6 = ?,30,30,1,6.131408686157077,320.77938580513,Tier 2 - Medium Arithmetic,50,0,0
demo_session_02,45,5 * 11 = ?,55,55,1,8.169623055561924,328.9490089416504,Tier 2 - Medium Arithmetic,50,0,0
demo_session_02,46,4 * 9 = ?,36,36,1,9.439092253602457,338.38810110092163,Tier 2 - Medium Arithmetic,50,0,0
demo_session_02,47,6 * 10 = ?,60,60,1,6.945258946961187,345.33335995674133,Tier 2 - Medium Arithmetic,50,0,0
demo_session_02,48,14 * 9 = ?,126,126,1,6.799944815543424,352.13330483436584,Tier 2 - Medium Arithmetic,50,0,0
demo_session_02,49,81 + 82 = ?,163,163,1,6.251569986612371,358.38487482070923,Tier 2 - Medium Arithmetic,50,0,0
demo_session_02,50,36 - 33 = ?,3,13,0,6.959406516043151,365.3442814350128,Tier 2 - Medium Arithmetic,50,0,1
demo_session_03,1,70 - 11 = ?,59,59,1,3.7200343907989897,3.72003436088562,Tier 2 - Medium Arithmetic,10,0,0
demo_session_03,2,27 + 52 = ?,79,79,1,4.174654907671687,7.894689321517944,Tier 2 - Medium Arithmetic,10,0,0
demo_session_03,3,8 * 5 = ?,40,40,1,4.326906709146432,12.221596002578735,Tier 2 - Medium Arithmetic,10,0,0
demo_session_03,4,6 * 7 = ?,42,42,1,3.659168846136714,15.880764961242676,Tier 2 - Medium Arithmetic,10,0,0
demo_session_03,5,67 + 75 = ?,142,142,1,5.170895258330672,21.051660299301147,Tier 2 - Medium Arithmetic,10,0,0
demo_session_03,6,10 * 6 = ?,60,60,1,4.435051498402122,25.48671174049377,Tier 2 - Medium Arithmetic,10,0,0
demo_session_03,7,4 * 4 = ?,16,16,1,3.6575079360720366,29.144219636917114,Tier 2 - Medium Arithmetic,10,0,0
demo_session_03,8,47 + 48 = ?,95,95,1,4.828561137487263,33.97278070449829,Tier 2 - Medium Arithmetic,10,0,0
demo_session_03,9,52 + 27 = ?,79,79,1,3.836583036912365,37.8093638420105,Tier 2 - Medium Arithmetic,10,0,0
demo_session_03,10,11 * 7 = ?,77,77,1,4.914469120327614,42.723832845687866,Tier 2 - Medium Arithmetic,10,0,0
demo_session_03,11,69 + 61 = ?,130,129,0,4.824799335888522,47.54863214492798,Tier 2 - Medium Arithmetic,20,1,0
demo_session_03,12,62 + 73 = ?,135,135,1,3.941412053220324,51.49004411697388,Tier 2 - Medium Arithmetic,20,0,0
demo_session_03,13,9 * 6 = ?,54,54,1,6.67548763863865,58.165531873703,Tier 2 - Medium Arithmetic,20,0,0
demo_session_03,14,56 + 55 = ?,111,110,0,4.66560833892171,62.8311402797699,Tier 2 - Medium Arithmetic,20,1,0
demo_session_03,15,47 - 27 = ?,20,20,1,4.888278631890945,67.71941900253296,Tier 2 - Medium Arithmetic,20,0,0
demo_session_03,16,68 + 60 = ?,128,128,1,4.557353776829375,72.27677273750305,Tier 2 - Medium Arithmetic,20,0,0
demo_session_03,17,25 + 83 = ?,108,108,1,5.440666000982775,77.71743869781494,Tier 2 - Medium Arithmetic,20,0,0
demo_session_03,18,16 + 83 = ?,99,100,0,4.96979338722635,82.68723201751709,Tier 2 - Medium Arithmetic,20,1,0
demo_session_03,19,16 + 54 = ?,70,70,1,8.474626629458417,91.1618585586548,Tier 2 - Medium Arithmetic,20,0,0
demo_session_03,20,57 - 39 = ?,18,17,0,5.417169850662234,96.57902836799622,Tier 2 - Medium Arithmetic,20,1,0
demo_session_03,21,61 - 54 = ?,7,7,1,5.194918450549631,101.77394676208496,Tier 2 - Medium Arithmetic,30,0,0
demo_session_03,22,35 + 48 = ?,83,83,1,6.8514658854767365,128.56110095977783,Tier 2 - Medium Arithmetic,30,0,0
demo_session_03,23,7 * 9 = ?,63,53,0,5.712588901673845,134.2736897468567,Tier 2 - Medium Arithmetic,30,0,1
demo_session_03,24,35 - 29 = ?,6,6,1,4.791520785287028,139.0652105808258,Tier 2 - Medium Arithmetic,30,0,0
demo_session_03,25,43 + 79 = ?,122,122,1,6.305734946636976,162.4621205329895,Tier 2 - Medium Arithmetic,30,0,0
demo_session_03,26,23 + 57 = ?,80,80,1,4.497684729757151,166.95980525016785,Tier 2 - Medium Arithmetic,30,0,0
demo_session_03,27,10 * 6 = ?,60,60,1,7.421829029974219,174.38163423538208,Tier 2 - Medium Arithmetic,30,0,0
demo_session_03,28,32 + 58 = ?,90,90,1,6.393932279919063,180.77556657791135,Tier 2 - Medium Arithmetic,30,0,0
demo_session_03,29,44 + 45 = ?,89,89,1,6.044547715624768,186.8201143741608,Tier 2 - Medium Arithmetic,30,0,0
demo_session_03,30,13 * 11 = ?,143,143,1,5.513923283557363,210.1260771751404,Tier 2 - Medium Arithmetic,30,0,0
demo_session_03,31,72 - 34 = ?,38,38,1,5.168721368918028,215.2947986125946,Tier 2 - Medium Arithmetic,40,0,0
demo_session_03,32,66 + 16 = ?,82,82,1,5.490891315573019,220.78568983078003,Tier 2 - Medium Arithmetic,40,0,0
demo_session_03,33,4 * 11 = ?,44,44,1,6.7358865696341415,227.52157640457156,Tier 2 - Medium Arithmetic,40,0,0
demo_session_03,34,76 + 38 = ?,114,114,1,6.722314574118483,234.24389100074768,Tier 2 - Medium Arithmetic,40,0,0
demo_session_03,35,9 * 4 = ?,36,26,0,7.259139691498529,241.50303077697757,Tier 2 - Medium Arithmetic,40,0,1
demo_session_03,36,9 * 8 = ?,72,71,0,6.34532521621374,247.8483560085297,Tier 2 - Medium Arithmetic,40,0,1
demo_session_03,37,46 + 73 = ?,119,119,1,6.214569026856725,254.0629251003265,Tier 2 - Medium Arithmetic,40,0,0
demo_session_03,38,55 + 18 = ?,73,73,1,5.713464227444959,259.77638936042786,Tier 2 - Medium Arithmetic,40,0,0
demo_session_03,39,9 * 4 = ?,36,46,0,5.655371979392704,289.77225971221924,Tier 2 - Medium Arithmetic,40,1,0
demo_session_03,40,35 + 54 = ?,89,89,1,5.908216828542069,295.68047642707825,Tier 2 - Medium Arithmetic,40,0,0
demo_session_03,41,5 * 5 = ?,25,27,0,7.923839067403541,303.6043155193329,Tier 2 - Medium Arithmetic,50,0,1
demo_session_03,42,83 - 14 = ?,69,69,1,5.746785829601574,309.351101398468,Tier 2 - Medium Arithmetic,50,0,0
demo_session_03,43,91 - 50 = ?,41,41,1,7.319872349222937,316.670973777771,Tier 2 - Medium Arithmetic,50,0,0
demo_session_03,44,65 + 84 = ?,149,149,1,7.326621929133655,323.99759578704834,Tier 2 - Medium Arithmetic,50,0,0
demo_session_03,45,54 - 31 = ?,23,13,0,6.1589578268807,330.1565535068512,Tier 2 - Medium Arithmetic,50,0,1
demo_session_03,46,14 * 7 = ?,98,98,1,6.11551563102776,336.27206921577454,Tier 2 - Medium Arithmetic,50,0,0
demo_session_03,47,12 * 4 = ?,48,48,1,6.643301832790314,342.9153709411621,Tier 2 - Medium Arithmetic,50,0,0
demo_session_03,48,51 - 24 = ?,27,27,1,6.099125170987641,349.01449608802795,Tier 2 - Medium Arithmetic,50,0,0
demo_session_03,49,74 - 24 = ?,50,50,1,8.818445601665694,357.8329417705536,Tier 2 - Medium Arithmetic,50,0,0
demo_session_03,50,60 - 29 = ?,31,32,0,6.532214440455231,364.36515617370605,Tier 2 - Medium Arithmetic,50,0,1
demo_session_04,1,83 + 21 = ?,104,104,1,3.64437863291882,3.644378662109375,Tier 2 - Medium Arithmetic,10,0,0
demo_session_04,2,38 - 33 = ?,5,5,1,5.920639986834704,9.565018653869627,Tier 2 - Medium Arithmetic,10,0,0
demo_session_04,3,38 - 10 = ?,28,28,1,5.945227146251195,15.51024580001831,Tier 2 - Medium Arithmetic,10,0,0
demo_session_04,4,64 - 33 = ?,31,31,1,4.1433306199824615,19.653576374053955,Tier 2 - Medium Arithmetic,10,0,0
demo_session_04,5,8 * 9 = ?,72,72,1,4.628683957546971,24.282260417938232,Tier 2 - Medium Arithmetic,10,0,0
demo_session_04,6,78 + 15 = ?,93,93,1,3.8831222542451247,28.165382623672485,Tier 2 - Medium Arithmetic,10,0,0
demo_session_04,7,54 + 42 = ?,96,96,1,3.6803165170792695,31.845699071884155,Tier 2 - Medium Arithmetic,10,0,0
demo_session_04,8,5 * 4 = ?,20,10,0,5.185552122063937,37.031251192092896,Tier 2 - Medium Arithmetic,10,1,0
demo_session_04,9,4 * 7 = ?,28,28,1,4.560589025453172,41.5918402671814,Tier 2 - Medium Arithmetic,10,0,0
demo_session_04,10,31 - 27 = ?,4,4,1,4.005212284690526,45.59705257415772,Tier 2 - Medium Arithmetic,10,0,0
demo_session_04,11,62 - 56 = ?,6,16,0,6.3585241464283255,51.9555766582489,Tier 2 - Medium Arithmetic,20,0,1
demo_session_04,12,4 * 11 = ?,44,44,1,4.360685280570875,56.31626200675965,Tier 2 - Medium Arithmetic,20,0,0
demo_session_04,13,86 - 61 = ?,25,26,0,5.454061766088663,61.77032375335693,Tier 2 - Medium Arithmetic,20,1,0
demo_session_04,14,78 + 22 = ?,100,100,1,4.3452384288143655,66.11556220054626,Tier 2 - Medium Arithmetic,20,0,0
demo_session_04,15,73 - 27 = ?,46,56,0,4.957915734557666,71.07347798347473,Tier 2 - Medium Arithmetic,20,1,0
demo_session_04,16,4 * 11 = ?,44,44,1,4.947900086871365,76.02137804031372,Tier 2 - Medium Arithmetic,20,0,0
demo_session_04,17,8 * 10 = ?,80,80,1,4.683458462928783,80.70483660697937,Tier 2 - Medium Arithmetic,20,0,0
demo_session_04,18,48 + 72 = ?,120,120,1,4.970849075855363,85.67568564414978,Tier 2 - Medium Arithmetic,20,0,0
demo_session_04,19,23 + 60 = ?,83,83,1,4.511263637373816,90.18694925308228,Tier 2 - Medium Arithmetic,20,0,0
demo_session_04,20,47 - 36 = ?,11,11,1,5.720285486089384,95.90723466873168,Tier 2 - Medium Arithmetic,20,0,0
demo_session_04,21,13 * 8 = ?,104,104,1,4.873302067240831,100.78053665161131,Tier 2 - Medium Arithmetic,30,0,0
demo_session_04,22,46 - 33 = ?,13,13,1,5.731137087637652,106.51167368888856,Tier 2 - Medium Arithmetic,30,0,0
demo_session_04,23,10 * 10 = ?,100,100,1,7.417617877769507,113.92929148674013,Tier 2 - Medium Arithmetic,30,0,0
demo_session_04,24,80 - 20 = ?,60,60,1,5.584008702373687,119.51330018043518,Tier 2 - Medium Arithmetic,30,0,0
demo_session_04,25,31 + 15 = ?,46,46,1,5.791225090650379,137.34143900871277,Tier 2 - Medium Arithmetic,30,0,0
demo_session_04,26,18 + 58 = ?,76,76,1,6.078658963694458,143.42009806632996,Tier 2 - Medium Arithmetic,30,0,0
demo_session_04,27,43 - 38 = ?,5,7,0,6.758340929337621,150.17843890190125,Tier 2 - Medium Arithmetic,30,0,1
demo_session_04,28,86 - 70 = ?,16,16,1,5.859094737502819,156.03753352165222,Tier 2 - Medium Arithmetic,30,0,0
demo_session_04,29,13 * 10 = ?,130,130,1,7.112276438467619,163.1498100757599,Tier 2 - Medium Arithmetic,30,0,0
demo_session_04,30,47 - 40 = ?,7,7,1,5.537533832144021,168.6873438358307,Tier 2 - Medium Arithmetic,30,0,0
demo_session_04,31,36 - 31 = ?,5,5,1,6.211676588027421,174.8990204334259,Tier 2 - Medium Arithmetic,40,0,0
demo_session_04,32,22 + 37 = ?,59,59,1,5.898589345302119,180.7976098060608,Tier 2 - Medium Arithmetic,40,0,0
demo_session_04,33,54 + 30 = ?,84,84,1,5.221804387415155,186.0194141864777,Tier 2 - Medium Arithmetic,40,0,0
demo_session_04,34,81 + 39 = ?,120,120,1,5.698706691189143,191.71812081336972,Tier 2 - Medium Arithmetic,40,0,0
demo_session_04,35,48 + 73 = ?,121,121,1,5.741134836152877,197.45925569534305,Tier 2 - Medium Arithmetic,40,0,0
demo_session_04,36,55 - 50 = ?,5,5,1,5.245195393440235,202.70445108413696,Tier 2 - Medium Arithmetic,40,0,0
demo_session_04,37,38 - 36 = ?,2,2,1,6.906884862587711,225.3747889995575,Tier 2 - Medium Arithmetic,40,0,0
demo_session_04,38,59 - 35 = ?,24,26,0,7.01910236150632,232.3938913345337,Tier 2 - Medium Arithmetic,40,0,1
demo_session_04,39,5 * 8 = ?,40,40,1,6.338232758049701,257.90038442611694,Tier 2 - Medium Arithmetic,40,0,0
demo_session_04,40,68 + 27 = ?,95,95,1,6.01219042989007,263.9125747680664,Tier 2 - Medium Arithmetic,40,0,0
demo_session_04,41,7 * 9 = ?,63,63,1,5.719624360378239,269.632199048996,Tier 2 - Medium Arithmetic,50,0,0
demo_session_04,42,46 - 28 = ?,18,18,1,5.981618364614677,275.6138174533844,Tier 2 - Medium Arithmetic,50,0,0
demo_session_04,43,79 + 29 = ?,108,108,1,6.786311095216602,282.4001286029816,Tier 2 - Medium Arithmetic,50,0,0
demo_session_04,44,18 + 59 = ?,77,77,1,6.521125243935395,288.92125391960144,Tier 2 - Medium Arithmetic,50,0,0
demo_session_04,45,55 - 13 = ?,42,52,0,6.687899198250038,295.60915303230286,Tier 2 - Medium Arithmetic,50,0,1
demo_session_04,46,12 * 8 = ?,96,96,1,8.645468738619323,304.2546217441559,Tier 2 - Medium Arithmetic,50,0,0
demo_session_04,47,54 + 63 = ?,117,117,1,7.0396412544550575,311.29426288604736,Tier 2 - Medium Arithmetic,50,0,0
demo_session_04,48,31 - 20 = ?,11,21,0,7.188262713650431,318.4825255870819,Tier 2 - Medium Arithmetic,50,0,1
demo_session_04,49,8 * 4 = ?,32,33,0,9.28089009810128,327.76341557502747,Tier 2 - Medium Arithmetic,50,0,1
demo_session_04,50,90 - 16 = ?,74,74,1,6.996672963110026,334.7600884437561,Tier 2 - Medium Arithmetic,50,0,0
demo_session_05,1,6 * 11 = ?,66,66,1,4.716423628066135,4.716423511505127,Tier 2 - Medium Arithmetic,10,0,0
demo_session_05,2,95 - 61 = ?,34,34,1,3.7482026553724745,8.46462607383728,Tier 2 - Medium Arithmetic,10,0,0
demo_session_05,3,7 * 8 = ?,56,56,1,4.337885634200789,12.80251169204712,Tier 2 - Medium Arithmetic,10,0,0
demo_session_05,4,80 + 43 = ?,123,123,1,3.155229115691492,15.957740783691406,Tier 2 - Medium Arithmetic,10,0,0
demo_session_05,5,73 + 26 = ?,99,99,1,4.594114229308513,20.551855087280277,Tier 2 - Medium Arithmetic,10,0,0
demo_session_05,6,63 - 19 = ?,44,44,1,4.148628065080243,24.700483083724976,Tier 2 - Medium Arithmetic,10,0,0
demo_session_05,7,13 * 7 = ?,91,91,1,6.453247501158854,31.153730630874637,Tier 2 - Medium Arithmetic,10,0,0
demo_session_05,8,72 + 42 = ?,114,114,1,4.25931682033291,35.413047552108765,Tier 2 - Medium Arithmetic,10,0,0
demo_session_05,9,5 * 10 = ?,50,40,0,5.732848526025519,48.174854040145874,Tier 2 - Medium Arithmetic,10,1,0
demo_session_05,10,27 + 56 = ?,83,83,1,6.2265844256825496,54.40143847465515,Tier 2 - Medium Arithmetic,10,0,0
demo_session_05,11,78 + 73 = ?,151,151,1,4.853583420564734,59.255021810531616,Tier 2 - Medium Arithmetic,20,0,0
demo_session_05,12,13 * 5 = ?,65,65,1,4.517876708772461,63.77289843559265,Tier 2 - Medium Arithmetic,20,0,0
demo_session_05,13,66 + 17 = ?,83,83,1,5.360090581201407,89.59935808181763,Tier 2 - Medium Arithmetic,20,0,0
demo_session_05,14,81 - 52 = ?,29,39,0,6.84337084386368,105.35403299331664,Tier 2 - Medium Arithmetic,20,0,1
demo_session_05,15,75 - 53 = ?,22,21,0,4.285089099823163,109.63912200927734,Tier 2 - Medium Arithmetic,20,1,0
demo_session_05,16,5 * 9 = ?,45,45,1,5.577023959214528,115.21614599227904,Tier 2 - Medium Arithmetic,20,0,0
demo_session_05,17,64 - 62 = ?,2,2,1,5.467173497523966,133.01576948165894,Tier 2 - Medium Arithmetic,20,0,0
demo_session_05,18,33 + 17 = ?,50,50,1,4.519696375029178,137.53546595573425,Tier 2 - Medium Arithmetic,20,0,0
demo_session_05,19,8 * 4 = ?,32,32,1,5.357339539901254,167.4242880344391,Tier 2 - Medium Arithmetic,20,0,0
demo_session_05,20,84 - 37 = ?,47,47,1,5.845463015438484,173.26975107192993,Tier 2 - Medium Arithmetic,20,0,0
demo_session_05,21,48 - 16 = ?,32,32,1,4.9630710814212025,178.2328221797943,Tier 2 - Medium Arithmetic,30,0,0
demo_session_05,22,53 + 39 = ?,92,92,1,5.777356309748844,184.010178565979,Tier 2 - Medium Arithmetic,30,0,0
demo_session_05,23,70 - 42 = ?,28,28,1,5.094566621555592,189.10474514961243,Tier 2 - Medium Arithmetic,30,0,0
demo_session_05,24,81 + 58 = ?,139,139,1,5.042815776669029,194.14756083488464,Tier 2 - Medium Arithmetic,30,0,0
demo_session_05,25,41 - 13 = ?,28,28,1,4.76195537703269,198.9095160961151,Tier 2 - Medium Arithmetic,30,0,0
demo_session_05,26,7 * 6 = ?,42,32,0,5.852414154791712,204.7619302272797,Tier 2 - Medium Arithmetic,30,0,1
demo_session_05,27,70 + 17 = ?,87,87,1,4.984131678714837,217.5368719100952,Tier 2 - Medium Arithmetic,30,0,0
demo_session_05,28,57 + 60 = ?,117,117,1,5.487115797558469,223.02398777008057,Tier 2 - Medium Arithmetic,30,0,0
demo_session_05,29,10 * 10 = ?,100,101,0,5.391873732845856,228.4158616065979,Tier 2 - Medium Arithmetic,30,1,0
demo_session_05,30,11 * 8 = ?,88,88,1,5.707678907250077,234.12354040145877,Tier 2 - Medium Arithmetic,30,0,0
demo_session_05,31,34 + 20 = ?,54,44,0,7.568110277722921,253.6782190799713,Tier 2 - Medium Arithmetic,40,0,1
demo_session_05,32,12 * 6 = ?,72,72,1,8.422192640213003,262.1004116535187,Tier 2 - Medium Arithmetic,40,0,0
demo_session_05,33,32 + 64 = ?,96,96,1,6.223112789296087,268.32352447509766,Tier 2 - Medium Arithmetic,40,0,0
demo_session_05,34,76 - 68 = ?,8,8,1,6.94161516821488,275.2651395797729,Tier 2 - Medium Arithmetic,40,0,0
demo_session_05,35,72 + 76 = ?,148,148,1,6.137776271936361,287.9133710861206,Tier 2 - Medium Arithmetic,40,0,0
demo_session_05,36,58 + 72 = ?,130,130,1,7.585326851557966,295.4986979961395,Tier 2 - Medium Arithmetic,40,0,0
demo_session_05,37,68 - 40 = ?,28,28,1,5.730777581242621,301.22947549819946,Tier 2 - Medium Arithmetic,40,0,0
demo_session_05,38,6 * 10 = ?,60,60,1,6.393080132386725,307.62255573272705,Tier 2 - Medium Arithmetic,40,0,0
demo_session_05,39,14 * 11 = ?,154,154,1,5.790933374203952,313.41348910331726,Tier 2 - Medium Arithmetic,40,0,0
demo_session_05,40,59 - 25 = ?,34,34,1,7.584686442422601,326.0079720020294,Tier 2 - Medium Arithmetic,40,0,0
demo_session_05,41,24 + 17 = ?,41,51,0,7.689713570866913,333.6976854801178,Tier 2 - Medium Arithmetic,50,0,1
demo_session_05,42,18 + 31 = ?,49,49,1,6.45382226384109,340.15150785446167,Tier 2 - Medium Arithmetic,50,0,0
demo_session_05,43,58 + 22 = ?,80,81,0,6.738411184264439,346.8899190425873,Tier 2 - Medium Arithmetic,50,0,1
demo_session_05,44,8 * 6 = ?,48,48,1,6.889894330155849,353.77981328964233,Tier 2 - Medium Arithmetic,50,0,0
demo_session_05,45,4 * 7 = ?,28,28,1,6.350863628367528,360.130676984787,Tier 2 - Medium Arithmetic,50,0,0
demo_session_05,46,75 - 29 = ?,46,46,1,5.79241691661948,379.276971578598,Tier 2 - Medium Arithmetic,50,0,0
demo_session_05,47,53 - 26 = ?,27,27,1,6.36724740524603,385.6442189216614,Tier 2 - Medium Arithmetic,50,0,0
demo_session_05,48,42 - 39 = ?,3,2,0,6.53147357419303,392.1756925582886,Tier 2 - Medium Arithmetic,50,0,1
demo_session_05,49,34 - 22 = ?,12,12,1,7.005763289743954,413.78225469589233,Tier 2 - Medium Arithmetic,50,0,0
demo_session_05,50,17 + 80 = ?,97,97,1,8.615574850394287,422.3978295326233,Tier 2 - Medium Arithmetic,50,0,0
demo_session_06,1,5 * 6 = ?,30,30,1,3.33176680555364,3.3317668437957764,Tier 2 - Medium Arithmetic,10,0,0
demo_session_06,2,9 * 7 = ?,63,63,1,4.468775552027674,7.80054235458374,Tier 2 - Medium Arithmetic,10,0,0
demo_session_06,3,12 * 4 = ?,48,48,1,5.9852695760423416,13.78581190109253,Tier 2 - Medium Arithmetic,10,0,0
demo_session_06,4,44 + 50 = ?,94,94,1,3.3830128037538145,17.168824672698975,Tier 2 - Medium Arithmetic,10,0,0
demo_session_06,5,46 - 38 = ?,8,8,1,4.699858494398382,21.868683099746704,Tier 2 - Medium Arithmetic,10,0,0
demo_session_06,6,76 - 20 = ?,56,56,1,5.826415009897021,51.34752702713013,Tier 2 - Medium Arithmetic,10,0,0
demo_session_06,7,55 + 37 = ?,92,92,1,4.052473525920709,55.40000057220459,Tier 2 - Medium Arithmetic,10,0,0
demo_session_06,8,12 * 8 = ?,96,97,0,4.664164350027845,65.64119482040405,Tier 2 - Medium Arithmetic,10,1,0
demo_session_06,9,34 + 49 = ?,83,83,1,5.328481253325936,70.96967601776123,Tier 2 - Medium Arithmetic,10,0,0
demo_session_06,10,63 - 18 = ?,45,45,1,4.249676871314663,75.21935296058655,Tier 2 - Medium Arithmetic,10,0,0
demo_session_06,11,60 + 45 = ?,105,105,1,4.70957342772772,79.92892646789551,Tier 2 - Medium Arithmetic,20,0,0
demo_session_06,12,8 * 6 = ?,48,48,1,4.92872341289082,84.85764980316162,Tier 2 - Medium Arithmetic,20,0,0
demo_session_06,13,70 + 84 = ?,154,154,1,6.466049611038942,91.32369947433472,Tier 2 - Medium Arithmetic,20,0,0
demo_session_06,14,42 - 34 = ?,8,8,1,7.089803867056501,98.413503408432,Tier 2 - Medium Arithmetic,20,0,0
demo_session_06,15,27 + 23 = ?,50,50,1,5.289022801446585,103.7025260925293,Tier 2 - Medium Arithmetic,20,0,0
demo_session_06,16,4 * 10 = ?,40,40,1,5.153670815505438,108.85619688034058,Tier 2 - Medium Arithmetic,20,0,0
demo_session_06,17,53 - 48 = ?,5,5,1,5.118375822801274,113.97457265853882,Tier 2 - Medium Arithmetic,20,0,0
demo_session_06,18,9 * 8 = ?,72,74,0,4.48622599108129,118.46079874038696,Tier 2 - Medium Arithmetic,20,1,0
demo_session_06,19,30 + 45 = ?,75,75,1,5.4513282077770135,123.91212701797484,Tier 2 - Medium Arithmetic,20,0,0
demo_session_06,20,47 - 42 = ?,5,5,1,5.753449204934834,129.66557621955872,Tier 2 - Medium Arithmetic,20,0,0
demo_session_06,21,13 * 9 = ?,117,117,1,4.988929304168709,134.6545054912567,Tier 2 - Medium Arithmetic,30,0,0
demo_session_06,22,62 + 44 = ?,106,106,1,4.67376456821709,139.3282699584961,Tier 2 - Medium Arithmetic,30,0,0
demo_session_06,23,76 + 69 = ?,145,145,1,4.820964421546192,144.14923429489136,Tier 2 - Medium Arithmetic,30,0,0
demo_session_06,24,76 + 42 = ?,118,118,1,5.405204536925438,172.66081023216248,Tier 2 - Medium Arithmetic,30,0,0
demo_session_06,25,57 - 50 = ?,7,7,1,5.427073229908483,178.08788347244263,Tier 2 - Medium Arithmetic,30,0,0
demo_session_06,26,7 * 11 = ?,77,77,1,6.859258020394747,184.9471414089203,Tier 2 - Medium Arithmetic,30,0,0
demo_session_06,27,12 * 10 = ?,120,120,1,5.403052536452096,210.90369582176208,Tier 2 - Medium Arithmetic,30,0,0
demo_session_06,28,28 + 46 = ?,74,74,1,5.847225073737687,216.75092101097107,Tier 2 - Medium Arithmetic,30,0,0
demo_session_06,29,45 + 55 = ?,100,100,1,5.305023889607521,222.05594491958615,Tier 2 - Medium Arithmetic,30,0,0
demo_session_06,30,70 - 34 = ?,36,36,1,4.956060984067515,227.01200580596924,Tier 2 - Medium Arithmetic,30,0,0
demo_session_06,31,36 + 16 = ?,52,52,1,5.371607839263306,232.38361358642575,Tier 2 - Medium Arithmetic,40,0,0
demo_session_06,32,4 * 4 = ?,16,16,1,6.159666888373874,238.54328036308289,Tier 2 - Medium Arithmetic,40,0,0
demo_session_06,33,59 + 27 = ?,86,86,1,5.88622498516505,254.07020473480225,Tier 2 - Medium Arithmetic,40,0,0
demo_session_06,34,46 - 40 = ?,6,5,0,5.604161373660628,259.67436599731445,Tier 2 - Medium Arithmetic,40,0,1
demo_session_06,35,12 * 7 = ?,84,84,1,5.264062482877739,264.938428401947,Tier 2 - Medium Arithmetic,40,0,0
demo_session_06,36,8 * 10 = ?,80,90,0,5.745357392019767,276.4466691017151,Tier 2 - Medium Arithmetic,40,0,1
demo_session_06,37,14 * 11 = ?,154,154,1,5.683688731800259,282.1303577423096,Tier 2 - Medium Arithmetic,40,0,0
demo_session_06,38,14 * 11 = ?,154,154,1,5.221051081909244,295.87418961524963,Tier 2 - Medium Arithmetic,40,0,0
demo_session_06,39,6 * 6 = ?,36,38,0,6.86040571188141,302.7345952987671,Tier 2 - Medium Arithmetic,40,0,1
demo_session_06,40,65 - 20 = ?,45,46,0,6.610496355615866,321.8773548603058,Tier 2 - Medium Arithmetic,40,0,1
demo_session_06,41,87 - 38 = ?,49,49,1,6.513897686899866,328.3912525177002,Tier 2 - Medium Arithmetic,50,0,0
demo_session_06,42,14 * 9 = ?,126,126,1,5.789155669544325,339.79749608039856,Tier 2 - Medium Arithmetic,50,0,0
demo_session_06,43,86 - 62 = ?,24,24,1,6.239134501958624,369.9856641292572,Tier 2 - Medium Arithmetic,50,0,0
demo_session_06,44,93 - 67 = ?,26,26,1,6.542061131426783,376.52772521972656,Tier 2 - Medium Arithmetic,50,0,0
demo_session_06,45,46 - 23 = ?,23,24,0,6.9863327625754845,383.5140578746796,Tier 2 - Medium Arithmetic,50,0,1
demo_session_06,46,64 - 47 = ?,17,17,1,6.383274558852492,389.89733242988586,Tier 2 - Medium Arithmetic,50,0,0
demo_session_06,47,10 * 11 = ?,110,110,1,6.732606930296193,396.6299393177033,Tier 2 - Medium Arithmetic,50,0,0
demo_session_06,48,54 - 24 = ?,30,31,0,6.937903430946205,403.5678427219391,Tier 2 - Medium Arithmetic,50,0,1
demo_session_06,49,39 - 29 = ?,10,20,0,6.540658620266896,410.1085014343262,Tier 2 - Medium Arithmetic,50,0,1
demo_session_06,50,95 - 52 = ?,43,43,1,6.292315287940743,416.40081667900085,Tier 2 - Medium Arithmetic,50,0,0
demo_session_07,1,14 * 4 = ?,56,56,1,3.418612950978672,3.4186129570007324,Tier 2 - Medium Arithmetic,10,0,0
demo_session_07,2,43 - 21 = ?,22,22,1,5.1460177905890845,8.56463074684143,Tier 2 - Medium Arithmetic,10,0,0
demo_session_07,3,44 + 26 = ?,70,70,1,5.768171706157999,14.332802534103394,Tier 2 - Medium Arithmetic,10,0,0
demo_session_07,4,27 + 84 = ?,111,111,1,4.4592903643710144,31.73081350326538,Tier 2 - Medium Arithmetic,10,0,0
demo_session_07,5,51 - 29 = ?,22,24,0,4.488303000214741,36.21911644935608,Tier 2 - Medium Arithmetic,10,1,0
demo_session_07,6,7 * 9 = ?,63,63,1,5.635864317765144,41.85498070716858,Tier 2 - Medium Arithmetic,10,0,0
demo_session_07,7,14 * 4 = ?,56,56,1,4.856192621210512,46.71117329597473,Tier 2 - Medium Arithmetic,10,0,0
demo_session_07,8,52 + 61 = ?,113,113,1,5.650631456442435,62.89432716369629,Tier 2 - Medium Arithmetic,10,0,0
demo_session_07,9,72 - 55 = ?,17,17,1,4.743900919171323,67.63822817802429,Tier 2 - Medium Arithmetic,10,0,0
demo_session_07,10,11 * 8 = ?,88,88,1,6.307892386579439,73.94612050056458,Tier 2 - Medium Arithmetic,10,0,0
demo_session_07,11,44 - 38 = ?,6,6,1,4.136776914978833,78.08289742469788,Tier 2 - Medium Arithmetic,20,0,0
demo_session_07,12,4 * 6 = ?,24,26,0,3.723812738434925,81.8067102432251,Tier 2 - Medium Arithmetic,20,1,0
demo_session_07,13,62 + 84 = ?,146,146,1,4.65725590430672,86.46396613121033,Tier 2 - Medium Arithmetic,20,0,0
demo_session_07,14,96 - 91 = ?,5,5,1,6.2008027789937685,92.66476893424988,Tier 2 - Medium Arithmetic,20,0,0
demo_session_07,15,39 - 12 = ?,27,17,0,4.728397090289199,97.39316606521606,Tier 2 - Medium Arithmetic,20,1,0
demo_session_07,16,7 * 9 = ?,63,73,0,4.184689369172446,101.57785534858704,Tier 2 - Medium Arithmetic,20,1,0
demo_session_07,17,26 + 44 = ?,70,70,1,4.6182629730417935,106.19611835479736,Tier 2 - Medium Arithmetic,20,0,0
demo_session_07,18,30 + 18 = ?,48,48,1,5.768704407511871,111.96482276916504,Tier 2 - Medium Arithmetic,20,0,0
demo_session_07,19,44 - 23 = ?,21,21,1,5.085604951942744,117.0504276752472,Tier 2 - Medium Arithmetic,20,0,0
demo_session_07,20,46 - 11 = ?,35,37,0,4.7879891429318695,121.83841681480408,Tier 2 - Medium Arithmetic,20,1,0
demo_session_07,21,73 - 24 = ?,49,49,1,5.818741993840659,127.65715885162354,Tier 2 - Medium Arithmetic,30,0,0
demo_session_07,22,45 - 30 = ?,15,16,0,4.912318660327446,132.569477558136,Tier 2 - Medium Arithmetic,30,1,0
demo_session_07,23,73 - 29 = ?,44,34,0,4.969098541207025,137.53857612609863,Tier 2 - Medium Arithmetic,30,1,0
demo_session_07,24,83 + 56 = ?,139,139,1,5.40569345188672,164.4258427619934,Tier 2 - Medium Arithmetic,30,0,0
demo_session_07,25,11 * 4 = ?,44,44,1,6.859136214445339,171.28497886657715,Tier 2 - Medium Arithmetic,30,0,0
demo_session_07,26,6 * 7 = ?,42,32,0,5.294316159550629,176.57929491996765,Tier 2 - Medium Arithmetic,30,1,0
demo_session_07,27,13 * 8 = ?,104,104,1,5.4427530621909765,182.022047996521,Tier 2 - Medium Arithmetic,30,0,0
demo_session_07,28,4 * 8 = ?,32,32,1,5.368710514407412,187.3907585144043,Tier 2 - Medium Arithmetic,30,0,0
demo_session_07,29,9 * 7 = ?,63,63,1,8.374434877385887,195.76519346237183,Tier 2 - Medium Arithmetic,30,0,0
demo_session_07,30,33 + 15 = ?,48,48,1,5.29154414015926,201.0567376613617,Tier 2 - Medium Arithmetic,30,0,0
demo_session_07,31,72 + 81 = ?,153,153,1,5.721565023937667,206.77830266952515,Tier 2 - Medium Arithmetic,40,0,0
demo_session_07,32,9 * 11 = ?,99,99,1,5.562303958735812,212.34060668945312,Tier 2 - Medium Arithmetic,40,0,0
demo_session_07,33,84 + 50 = ?,134,134,1,6.351217887517218,218.69182467460632,Tier 2 - Medium Arithmetic,40,0,0
demo_session_07,34,6 * 4 = ?,24,24,1,5.06417156926275,223.7559962272644,Tier 2 - Medium Arithmetic,40,0,0
demo_session_07,35,53 + 26 = ?,79,79,1,5.349154124493463,229.1051504611969,Tier 2 - Medium Arithmetic,40,0,0
demo_session_07,36,72 - 53 = ?,19,19,1,6.048914934845109,257.8678226470947,Tier 2 - Medium Arithmetic,40,0,0
demo_session_07,37,89 - 48 = ?,41,43,0,6.296821430740896,272.31563687324524,Tier 2 - Medium Arithmetic,40,0,1
demo_session_07,38,14 * 9 = ?,126,126,1,5.6710569586151385,277.98669385910034,Tier 2 - Medium Arithmetic,40,0,0
demo_session_07,39,46 + 71 = ?,117,117,1,6.065138453463619,284.0518321990967,Tier 2 - Medium Arithmetic,40,0,0
demo_session_07,40,13 * 4 = ?,52,52,1,6.004350506215171,290.05618262290955,Tier 2 - Medium Arithmetic,40,0,0
demo_session_07,41,56 - 23 = ?,33,33,1,5.872483343670643,315.8439917564392,Tier 2 - Medium Arithmetic,50,0,0
demo_session_07,42,39 + 56 = ?,95,95,1,7.485260522236381,323.329252243042,Tier 2 - Medium Arithmetic,50,0,0
demo_session_07,43,74 - 73 = ?,1,3,0,7.937245875874531,331.26649808883667,Tier 2 - Medium Arithmetic,50,0,1
demo_session_07,44,71 - 61 = ?,10,10,1,6.19129462618155,337.45779275894165,Tier 2 - Medium Arithmetic,50,0,0
demo_session_07,45,62 + 33 = ?,95,95,1,7.291143423075726,344.74893617630005,Tier 2 - Medium Arithmetic,50,0,0
demo_session_07,46,65 - 24 = ?,41,41,1,5.815693489468851,350.56462955474854,Tier 2 - Medium Arithmetic,50,0,0
demo_session_07,47,11 * 4 = ?,44,34,0,6.588828868808517,357.1534583568573,Tier 2 - Medium Arithmetic,50,0,1
demo_session_07,48,82 + 36 = ?,118,120,0,8.803023718819357,365.95648217201233,Tier 2 - Medium Arithmetic,50,0,1
demo_session_07,49,47 + 18 = ?,65,55,0,7.29601797314948,373.25250005722046,Tier 2 - Medium Arithmetic,50,0,1
demo_session_07,50,41 - 23 = ?,18,20,0,9.529434926601471,390.2226285934448,Tier 2 - Medium Arithmetic,50,0,1
demo_session_08,1,72 + 43 = ?,115,105,0,6.326738150365731,6.326738119125366,Tier 2 - Medium Arithmetic,10,0,1
demo_session_08,2,4 * 5 = ?,20,20,1,3.766876184781061,10.093614339828491,Tier 2 - Medium Arithmetic,10,0,0
demo_session_08,3,24 + 71 = ?,95,95,1,4.106043835221389,14.199658155441284,Tier 2 - Medium Arithmetic,10,0,0
demo_session_08,4,75 - 51 = ?,24,24,1,5.589882378433463,19.7895405292511,Tier 2 - Medium Arithmetic,10,0,0
demo_session_08,5,10 * 7 = ?,70,70,1,3.5386671486212173,23.32820773124695,Tier 2 - Medium Arithmetic,10,0,0
demo_session_08,6,47 - 46 = ?,1,1,1,5.475500515981886,28.80370831489563,Tier 2 - Medium Arithmetic,10,0,0
demo_session_08,7,55 - 41 = ?,14,14,1,4.869218495724903,33.672926902771,Tier 2 - Medium Arithmetic,10,0,0
demo_session_08,8,31 + 60 = ?,91,91,1,5.3149409732423685,52.095792055130005,Tier 2 - Medium Arithmetic,10,0,0
demo_session_08,9,78 + 22 = ?,100,100,1,6.622508950990753,58.71830105781555,Tier 2 - Medium Arithmetic,10,0,0
demo_session_08,10,76 + 44 = ?,120,120,1,7.10919308243907,75.83818769454956,Tier 2 - Medium Arithmetic,10,0,0
demo_session_08,11,20 + 57 = ?,77,77,1,4.292239012163032,80.13042664527893,Tier 2 - Medium Arithmetic,20,0,0
demo_session_08,12,8 * 11 = ?,88,88,1,4.539086380666283,84.66951298713684,Tier 2 - Medium Arithmetic,20,0,0
demo_session_08,13,13 * 8 = ?,104,103,0,5.306847016914162,89.97636008262634,Tier 2 - Medium Arithmetic,20,1,0
demo_session_08,14,97 - 55 = ?,42,41,0,4.378967947878309,94.35532808303832,Tier 2 - Medium Arithmetic,20,1,0
demo_session_08,15,19 + 33 = ?,52,52,1,4.704406333949338,99.05973434448242,Tier 2 - Medium Arithmetic,20,0,0
demo_session_08,16,53 + 21 = ?,74,74,1,4.148217916245391,103.20795226097108,Tier 2 - Medium Arithmetic,20,0,0
demo_session_08,17,9 * 8 = ?,72,72,1,4.953231774906294,128.4379632472992,Tier 2 - Medium Arithmetic,20,0,0
demo_session_08,18,6 * 7 = ?,42,42,1,4.76147532091315,148.63498640060425,Tier 2 - Medium Arithmetic,20,0,0
demo_session_08,19,26 + 15 = ?,41,41,1,3.8445671789762312,152.47955346107483,Tier 2 - Medium Arithmetic,20,0,0
demo_session_08,20,10 * 11 = ?,110,109,0,5.079758547384703,157.55931210517883,Tier 2 - Medium Arithmetic,20,1,0
demo_session_08,21,69 - 66 = ?,3,-7,0,6.122106537675271,163.68141865730286,Tier 2 - Medium Arithmetic,30,0,1
demo_session_08,22,35 + 29 = ?,64,64,1,4.462118233993221,168.14353680610657,Tier 2 - Medium Arithmetic,30,0,0
demo_session_08,23,9 * 10 = ?,90,100,0,4.626759506321066,172.77029633522034,Tier 2 - Medium Arithmetic,30,1,0
demo_session_08,24,26 + 75 = ?,101,101,1,5.700936393429584,178.47123265266418,Tier 2 - Medium Arithmetic,30,0,0
demo_session_08,25,9 * 7 = ?,63,63,1,6.918458358656976,185.3896911144257,Tier 2 - Medium Arithmetic,30,0,0
demo_session_08,26,55 - 39 = ?,16,16,1,5.045576140060633,190.4352672100067,Tier 2 - Medium Arithmetic,30,0,0
demo_session_08,27,13 * 6 = ?,78,78,1,5.665057334458597,196.1003246307373,Tier 2 - Medium Arithmetic,30,0,0
demo_session_08,28,96 - 26 = ?,70,70,1,5.565161227433399,201.66548585891724,Tier 2 - Medium Arithmetic,30,0,0
demo_session_08,29,4 * 10 = ?,40,40,1,6.796425968884472,208.4619119167328,Tier 2 - Medium Arithmetic,30,0,0
demo_session_08,30,44 + 83 = ?,127,127,1,5.563857925308223,214.02576994895932,Tier 2 - Medium Arithmetic,30,0,0
demo_session_08,31,91 - 20 = ?,71,72,0,5.456723826298578,219.4824938774109,Tier 2 - Medium Arithmetic,40,1,0
demo_session_08,32,31 - 28 = ?,3,3,1,5.957202888013451,225.43969678878784,Tier 2 - Medium Arithmetic,40,0,0
demo_session_08,33,63 + 40 = ?,103,105,0,5.680168246010326,231.1198649406433,Tier 2 - Medium Arithmetic,40,0,1
demo_session_08,34,54 + 54 = ?,108,108,1,6.590129341858173,237.70999431610107,Tier 2 - Medium Arithmetic,40,0,0
demo_session_08,35,25 + 21 = ?,46,48,0,5.9217919075625085,243.63178610801697,Tier 2 - Medium Arithmetic,40,0,1
demo_session_08,36,7 * 5 = ?,35,35,1,5.544417291999561,249.1762034893036,Tier 2 - Medium Arithmetic,40,0,0
demo_session_08,37,55 - 23 = ?,32,32,1,8.292664227439127,257.4688677787781,Tier 2 - Medium Arithmetic,40,0,0
demo_session_08,38,36 + 36 = ?,72,82,0,7.2232881263264765,264.6921558380127,Tier 2 - Medium Arithmetic,40,0,1
demo_session_08,39,12 * 4 = ?,48,48,1,6.091221384583834,270.78337717056274,Tier 2 - Medium Arithmetic,40,0,0
demo_session_08,40,11 * 10 = ?,110,110,1,8.395447447016423,302.65590476989746,Tier 2 - Medium Arithmetic,40,0,0
demo_session_08,41,8 * 6 = ?,48,48,1,6.033993614534073,308.68989849090576,Tier 2 - Medium Arithmetic,50,0,0
demo_session_08,42,55 + 77 = ?,132,132,1,6.336773844682259,315.02667236328125,Tier 2 - Medium Arithmetic,50,0,0
demo_session_08,43,29 + 72 = ?,101,103,0,7.0978290523677,322.1245014667511,Tier 2 - Medium Arithmetic,50,0,1
demo_session_08,44,87 - 23 = ?,64,64,1,8.783573393094617,347.5868399143219,Tier 2 - Medium Arithmetic,50,0,0
demo_session_08,45,8 * 9 = ?,72,72,1,6.191592924856351,353.77843284606934,Tier 2 - Medium Arithmetic,50,0,0
demo_session_08,46,86 - 54 = ?,32,32,1,6.047829618012958,359.82626247406006,Tier 2 - Medium Arithmetic,50,0,0
demo_session_08,47,14 * 6 = ?,84,85,0,7.276391989177078,367.1026544570923,Tier 2 - Medium Arithmetic,50,0,1
demo_session_08,48,46 + 34 = ?,80,81,0,7.575189545482164,374.6778440475464,Tier 2 - Medium Arithmetic,50,0,1
demo_session_08,49,10 * 6 = ?,60,60,1,8.40803004611694,383.085874080658,Tier 2 - Medium Arithmetic,50,0,0
demo_session_08,50,83 - 31 = ?,52,62,0,7.416644094143469,390.50251817703247,Tier 2 - Medium Arithmetic,50,0,1
session_20261007_125714,1,48  -  11 = ?,37,37,1,12.9250328540802,12.92647933959961,Tier 2 - Medium Arithmetic,10,0,0
session_20261007_125714,2,77  +  70 = ?,147,147,1,8.132224082946777,21.271243572235107,Tier 2 - Medium Arithmetic,10,0,0
session_20261007_125714,3,14  *  12 = ?,168,168,1,11.808815956115724,33.08078408241272,Tier 2 - Medium Arithmetic,10,0,0
session_20261007_125714,4,73  +  38 = ?,111,111,1,17.52972960472107,50.611342430114746,Tier 2 - Medium Arithmetic,10,0,0
session_20261007_125714,5,13  *  8 = ?,104,91,0,21.227375507354736,71.83940720558167,Tier 2 - Medium Arithmetic,10,0,1
session_20261007_125714,6,82  -  71 = ?,11,11,1,12.155613660812378,83.99567461013794,Tier 2 - Medium Arithmetic,10,0,0
session_20261007_125714,7,79  +  53 = ?,132,131,0,17.124923944473267,101.12141633033752,Tier 2 - Medium Arithmetic,10,0,1
session_20261007_125714,8,14  *  6 = ?,84,84,1,10.351730823516846,111.47404456138612,Tier 2 - Medium Arithmetic,10,0,0
session_20261007_125714,9,27  +  41 = ?,68,68,1,6.300753355026245,117.7755525112152,Tier 2 - Medium Arithmetic,10,0,0
session_20261007_125714,10,67  -  34 = ?,33,33,1,5.508891344070435,123.28487277030943,Tier 2 - Medium Arithmetic,10,0,0
