session_id,question_index,break_start_time,break_end_time,duration_sec
demo_session_06,6,1786094227,1786094251,23.65242882
demo_session_06,8,1786094261,1786094267,5.577029901
demo_session_06,24,1786094350,1786094373,23.10637135
demo_session_06,27,1786094391,1786094411,20.55350176
demo_session_06,33,1786094444,1786094454,9.640699396
demo_session_06,36,1786094471,1786094476,5.762883359
demo_session_06,38,1786094488,1786094496,8.522780923
demo_session_06,40,1786094508,1786094521,12.53226325
demo_session_06,42,1786094534,1786094540,5.617087935
demo_session_06,43,1786094545,1786094569,23.94903347
