session_id,question_index,timestamp,datetime_iso,event_type,key_symbol,is_backspace
demo_session_04,1,1786094205.9258118,2026-08-07T14:46:45.925812,press,1,False
demo_session_04,1,1786094205.9998488,2026-08-07T14:46:45.999849,release,1,False
demo_session_04,1,1786094206.2664518,2026-08-07T14:46:46.266452,press,0,False
demo_session_04,1,1786094206.3896656,2026-08-07T14:46:46.389666,release,0,False
demo_session_04,1,1786094206.705203,2026-08-07T14:46:46.705203,press,4,False
demo_session_04,1,1786094206.8168173,2026-08-07T14:46:46.816817,release,4,False
demo_session_04,2,1786094209.5701904,2026-08-07T14:46:49.570190,press,5,False
demo_session_04,2,1786094209.6856456,2026-08-07T14:46:49.685646,release,5,False
demo_session_04,2,1786094210.0031586,2026-08-07T14:46:50.003159,press,BackSpace,True
demo_session_04,2,1786094210.125107,2026-08-07T14:46:50.125107,release,BackSpace,True
demo_session_04,2,1786094210.3663979,2026-08-07T14:46:50.366398,press,5,False
demo_session_04,2,1786094210.463632,2026-08-07T14:46:50.463632,release,5,False
demo_session_04,3,1786094215.4908304,2026-08-07T14:46:55.490830,press,2,False
demo_session_04,3,1786094215.5827672,2026-08-07T14:46:55.582767,release,2,False
demo_session_04,3,1786094215.9110062,2026-08-07T14:46:55.911006,press,8,False
demo_session_04,3,1786094216.0427728,2026-08-07T14:46:56.042773,release,8,False
demo_session_04,4,1786094221.4360576,2026-08-07T14:47:01.436058,press,3,False
demo_session_04,4,1786094221.5514927,2026-08-07T14:47:01.551493,release,3,False
demo_session_04,4,1786094221.7688916,2026-08-07T14:47:01.768892,press,1,False
demo_session_04,4,1786094221.8577235,2026-08-07T14:47:01.857723,release,1,False
demo_session_04,5,1786094225.5793881,2026-08-07T14:47:05.579388,press,7,False
demo_session_04,5,1786094225.7142384,2026-08-07T14:47:05.714238,release,7,False
demo_session_04,5,1786094226.1562543,2026-08-07T14:47:06.156254,press,2,False
demo_session_04,5,1786094226.254262,2026-08-07T14:47:06.254262,release,2,False
demo_session_04,5,1786094226.6309814,2026-08-07T14:47:06.630981,press,BackSpace,True
demo_session_04,5,1786094226.7205713,2026-08-07T14:47:06.720571,release,BackSpace,True
demo_session_04,5,1786094227.1781015,2026-08-07T14:47:07.178102,press,2,False
demo_session_04,5,1786094227.278801,2026-08-07T14:47:07.278801,release,2,False
demo_session_04,6,1786094230.2080722,2026-08-07T14:47:10.208072,press,9,False
demo_session_04,6,1786094230.3297868,2026-08-07T14:47:10.329787,release,9,False
demo_session_04,6,1786094230.6366894,2026-08-07T14:47:10.636689,press,3,False
demo_session_04,6,1786094230.7274644,2026-08-07T14:47:10.727464,release,3,False
demo_session_04,6,1786094231.038008,2026-08-07T14:47:11.038008,press,BackSpace,True
demo_session_04,6,1786094231.1731532,2026-08-07T14:47:11.173153,release,BackSpace,True
demo_session_04,6,1786094231.5434184,2026-08-07T14:47:11.543418,press,3,False
demo_session_04,6,1786094231.6594973,2026-08-07T14:47:11.659497,release,3,False
demo_session_04,7,1786094234.0911944,2026-08-07T14:47:14.091194,press,9,False
demo_session_04,7,1786094234.218538,2026-08-07T14:47:14.218538,release,9,False
demo_session_04,7,1786094234.6144745,2026-08-07T14:47:14.614475,press,6,False
demo_session_04,7,1786094234.7431638,2026-08-07T14:47:14.743164,release,6,False
demo_session_04,8,1786094237.7715108,2026-08-07T14:47:17.771511,press,1,False
demo_session_04,8,1786094237.8925612,2026-08-07T14:47:17.892561,release,1,False
demo_session_04,8,1786094238.2068706,2026-08-07T14:47:18.206871,press,0,False
demo_session_04,8,1786094238.3251576,2026-08-07T14:47:18.325158,release,0,False
demo_session_04,9,1786094242.957063,2026-08-07T14:47:22.957063,press,2,False
demo_session_04,9,1786094243.046316,2026-08-07T14:47:23.046316,release,2,False
demo_session_04,9,1786094243.4728675,2026-08-07T14:47:23.472867,press,8,False
demo_session_04,9,1786094243.5942278,2026-08-07T14:47:23.594228,release,8,False
demo_session_04,10,1786094247.517652,2026-08-07T14:47:27.517652,press,4,False
demo_session_04,10,1786094247.6116366,2026-08-07T14:47:27.611637,release,4,False
demo_session_04,11,1786094251.5228643,2026-08-07T14:47:31.522864,press,1,False
demo_session_04,11,1786094251.6177824,2026-08-07T14:47:31.617782,release,1,False
demo_session_04,11,1786094252.070562,2026-08-07T14:47:32.070562,press,6,False
demo_session_04,11,1786094252.2035089,2026-08-07T14:47:32.203509,release,6,False
demo_session_04,11,1786094252.595949,2026-08-07T14:47:32.595949,press,BackSpace,True
demo_session_04,11,1786094252.700316,2026-08-07T14:47:32.700316,release,BackSpace,True
demo_session_04,11,1786094253.2003434,2026-08-07T14:47:33.200343,press,BackSpace,True
demo_session_04,11,1786094253.3479066,2026-08-07T14:47:33.347907,release,BackSpace,True
demo_session_04,11,1786094253.6252089,2026-08-07T14:47:33.625209,press,1,False
demo_session_04,11,1786094253.7457776,2026-08-07T14:47:33.745778,release,1,False
demo_session_04,11,1786094254.0164802,2026-08-07T14:47:34.016480,press,6,False
demo_session_04,11,1786094254.1531942,2026-08-07T14:47:34.153194,release,6,False
demo_session_04,12,1786094257.8813884,2026-08-07T14:47:37.881388,press,4,False
demo_session_04,12,1786094257.9751728,2026-08-07T14:47:37.975173,release,4,False
demo_session_04,12,1786094258.3914022,2026-08-07T14:47:38.391402,press,4,False
demo_session_04,12,1786094258.4358113,2026-08-07T14:47:38.435811,release,4,False
demo_session_04,13,1786094262.2420738,2026-08-07T14:47:42.242074,press,2,False
demo_session_04,13,1786094262.401213,2026-08-07T14:47:42.401213,release,2,False
demo_session_04,13,1786094262.8208625,2026-08-07T14:47:42.820863,press,6,False
demo_session_04,13,1786094262.9286041,2026-08-07T14:47:42.928604,release,6,False
demo_session_04,14,1786094267.6961355,2026-08-07T14:47:47.696136,press,1,False
demo_session_04,14,1786094267.799771,2026-08-07T14:47:47.799771,release,1,False
demo_session_04,14,1786094268.2319899,2026-08-07T14:47:48.231990,press,0,False
demo_session_04,14,1786094268.3702538,2026-08-07T14:47:48.370254,release,0,False
demo_session_04,14,1786094268.8782718,2026-08-07T14:47:48.878272,press,0,False
demo_session_04,14,1786094268.9943535,2026-08-07T14:47:48.994354,release,0,False
demo_session_04,14,1786094269.3939528,2026-08-07T14:47:49.393953,press,BackSpace,True
demo_session_04,14,1786094269.51414,2026-08-07T14:47:49.514140,release,BackSpace,True
demo_session_04,14,1786094270.082281,2026-08-07T14:47:50.082281,press,BackSpace,True
demo_session_04,14,1786094270.1726632,2026-08-07T14:47:50.172663,release,BackSpace,True
demo_session_04,14,1786094270.4997697,2026-08-07T14:47:50.499770,press,0,False
demo_session_04,14,1786094270.6133354,2026-08-07T14:47:50.613335,release,0,False
demo_session_04,14,1786094271.1752121,2026-08-07T14:47:51.175212,press,0,False
demo_session_04,14,1786094271.313771,2026-08-07T14:47:51.313771,release,0,False
demo_session_04,15,1786094272.041374,2026-08-07T14:47:52.041374,press,5,False
demo_session_04,15,1786094272.1705804,2026-08-07T14:47:52.170580,release,5,False
demo_session_04,15,1786094272.593323,2026-08-07T14:47:52.593323,press,6,False
demo_session_04,15,1786094272.6801112,2026-08-07T14:47:52.680111,release,6,False
demo_session_04,15,1786094272.9255953,2026-08-07T14:47:52.925595,press,BackSpace,True
demo_session_04,15,1786094273.0698924,2026-08-07T14:47:53.069892,release,BackSpace,True
demo_session_04,15,1786094273.279166,2026-08-07T14:47:53.279166,press,6,False
demo_session_04,15,1786094273.372003,2026-08-07T14:47:53.372003,release,6,False
demo_session_04,16,1786094276.9992898,2026-08-07T14:47:56.999290,press,4,False
demo_session_04,16,1786094277.1034827,2026-08-07T14:47:57.103483,release,4,False
demo_session_04,16,1786094277.5487132,2026-08-07T14:47:57.548713,press,4,False
demo_session_04,16,1786094277.6740139,2026-08-07T14:47:57.674014,release,4,False
demo_session_04,17,1786094281.9471898,2026-08-07T14:48:01.947190,press,8,False
demo_session_04,17,1786094282.0797837,2026-08-07T14:48:02.079784,release,8,False
demo_session_04,17,1786094282.5966535,2026-08-07T14:48:02.596653,press,0,False
demo_session_04,17,1786094282.7316535,2026-08-07T14:48:02.731653,release,0,False
demo_session_04,18,1786094286.6306484,2026-08-07T14:48:06.630648,press,1,False
demo_session_04,18,1786094286.7527764,2026-08-07T14:48:06.752776,release,1,False
demo_session_04,18,1786094287.2188706,2026-08-07T14:48:07.218871,press,2,False
demo_session_04,18,1786094287.3586085,2026-08-07T14:48:07.358608,release,2,False
demo_session_04,18,1786094287.5007777,2026-08-07T14:48:07.500778,press,0,False
demo_session_04,18,1786094287.6455579,2026-08-07T14:48:07.645558,release,0,False
demo_session_04,19,1786094291.6014974,2026-08-07T14:48:11.601497,press,8,False
demo_session_04,19,1786094291.7518318,2026-08-07T14:48:11.751832,release,8,False
demo_session_04,19,1786094292.099573,2026-08-07T14:48:12.099573,press,3,False
demo_session_04,19,1786094292.240461,2026-08-07T14:48:12.240461,release,3,False
demo_session_04,19,1786094292.5409286,2026-08-07T14:48:12.540929,press,BackSpace,True
demo_session_04,19,1786094292.6905,2026-08-07T14:48:12.690500,release,BackSpace,True
demo_session_04,19,1786094293.125343,2026-08-07T14:48:13.125343,press,3,False
demo_session_04,19,1786094293.2504776,2026-08-07T14:48:13.250478,release,3,False
demo_session_04,20,1786094296.112761,2026-08-07T14:48:16.112761,press,1,False
demo_session_04,20,1786094296.2485268,2026-08-07T14:48:16.248527,release,1,False
demo_session_04,20,1786094296.8568947,2026-08-07T14:48:16.856895,press,1,False
demo_session_04,20,1786094296.9941854,2026-08-07T14:48:16.994185,release,1,False
demo_session_04,21,1786094301.8330464,2026-08-07T14:48:21.833046,press,1,False
demo_session_04,21,1786094301.959295,2026-08-07T14:48:21.959295,release,1,False
demo_session_04,21,1786094302.3364701,2026-08-07T14:48:22.336470,press,0,False
demo_session_04,21,1786094302.4948344,2026-08-07T14:48:22.494834,release,0,False
demo_session_04,21,1786094302.900426,2026-08-07T14:48:22.900426,press,4,False
demo_session_04,21,1786094303.0802548,2026-08-07T14:48:23.080255,release,4,False
demo_session_04,22,1786094306.7063484,2026-08-07T14:48:26.706348,press,1,False
demo_session_04,22,1786094306.8979628,2026-08-07T14:48:26.897963,release,1,False
demo_session_04,22,1786094307.4225607,2026-08-07T14:48:27.422561,press,3,False
demo_session_04,22,1786094307.5610518,2026-08-07T14:48:27.561052,release,3,False
demo_session_04,23,1786094312.4374855,2026-08-07T14:48:32.437485,press,1,False
demo_session_04,23,1786094312.5766215,2026-08-07T14:48:32.576622,release,1,False
demo_session_04,23,1786094312.9989536,2026-08-07T14:48:32.998954,press,0,False
demo_session_04,23,1786094313.1682432,2026-08-07T14:48:33.168243,release,0,False
demo_session_04,23,1786094313.8321385,2026-08-07T14:48:33.832139,press,0,False
demo_session_04,23,1786094313.971191,2026-08-07T14:48:33.971191,release,0,False
demo_session_04,24,1786094319.8551033,2026-08-07T14:48:39.855103,press,6,False
demo_session_04,24,1786094320.0045054,2026-08-07T14:48:40.004505,release,6,False
demo_session_04,24,1786094320.4401014,2026-08-07T14:48:40.440101,press,0,False
demo_session_04,24,1786094320.5670934,2026-08-07T14:48:40.567093,release,0,False
demo_session_04,25,1786094337.4760256,2026-08-07T14:48:57.476026,press,4,False
demo_session_04,25,1786094337.61821,2026-08-07T14:48:57.618210,release,4,False
demo_session_04,25,1786094338.1442463,2026-08-07T14:48:58.144246,press,6,False
demo_session_04,25,1786094338.2960367,2026-08-07T14:48:58.296037,release,6,False
demo_session_04,26,1786094343.2672508,2026-08-07T14:49:03.267251,press,7,False
demo_session_04,26,1786094343.4136941,2026-08-07T14:49:03.413694,release,7,False
demo_session_04,26,1786094344.0191903,2026-08-07T14:49:04.019190,press,6,False
demo_session_04,26,1786094344.153878,2026-08-07T14:49:04.153878,release,6,False
demo_session_04,26,1786094344.6299381,2026-08-07T14:49:04.629938,press,BackSpace,True
demo_session_04,26,1786094344.7817392,2026-08-07T14:49:04.781739,release,BackSpace,True
demo_session_04,26,1786094345.323036,2026-08-07T14:49:05.323036,press,6,False
demo_session_04,26,1786094345.471129,2026-08-07T14:49:05.471129,release,6,False
demo_session_04,27,1786094349.3459098,2026-08-07T14:49:09.345910,press,7,False
demo_session_04,27,1786094349.4935384,2026-08-07T14:49:09.493538,release,7,False
demo_session_04,27,1786094350.0033243,2026-08-07T14:49:10.003324,press,BackSpace,True
demo_session_04,27,1786094350.1464229,2026-08-07T14:49:10.146423,release,BackSpace,True
demo_session_04,27,1786094350.7168963,2026-08-07T14:49:10.716896,press,BackSpace,True
demo_session_04,27,1786094350.8519766,2026-08-07T14:49:10.851977,release,BackSpace,True
demo_session_04,27,1786094351.2422028,2026-08-07T14:49:11.242203,press,BackSpace,True
demo_session_04,27,1786094351.3912382,2026-08-07T14:49:11.391238,release,BackSpace,True
demo_session_04,27,1786094351.8959773,2026-08-07T14:49:11.895977,press,BackSpace,True
demo_session_04,27,1786094352.0479796,2026-08-07T14:49:12.047980,release,BackSpace,True
demo_session_04,27,1786094352.555499,2026-08-07T14:49:12.555499,press,7,False
demo_session_04,27,1786094352.6721523,2026-08-07T14:49:12.672152,release,7,False
demo_session_04,28,1786094356.1042507,2026-08-07T14:49:16.104251,press,1,False
demo_session_04,28,1786094356.2659647,2026-08-07T14:49:16.265965,release,1,False
demo_session_04,28,1786094356.7541914,2026-08-07T14:49:16.754191,press,6,False
demo_session_04,28,1786094356.9071703,2026-08-07T14:49:16.907170,release,6,False
demo_session_04,28,1786094357.3473432,2026-08-07T14:49:17.347343,press,BackSpace,True
demo_session_04,28,1786094357.4825058,2026-08-07T14:49:17.482506,release,BackSpace,True
demo_session_04,28,1786094358.1432486,2026-08-07T14:49:18.143249,press,6,False
demo_session_04,28,1786094358.2544594,2026-08-07T14:49:18.254459,release,6,False
demo_session_04,29,1786094361.9633453,2026-08-07T14:49:21.963345,press,1,False
demo_session_04,29,1786094362.1245406,2026-08-07T14:49:22.124541,release,1,False
demo_session_04,29,1786094362.6567771,2026-08-07T14:49:22.656777,press,3,False
demo_session_04,29,1786094362.7915213,2026-08-07T14:49:22.791521,release,3,False
demo_session_04,29,1786094363.159136,2026-08-07T14:49:23.159136,press,0,False
demo_session_04,29,1786094363.2920203,2026-08-07T14:49:23.292020,release,0,False
demo_session_04,30,1786094369.0756218,2026-08-07T14:49:29.075622,press,7,False
demo_session_04,30,1786094369.218007,2026-08-07T14:49:29.218007,release,7,False
demo_session_04,31,1786094374.6131556,2026-08-07T14:49:34.613156,press,5,False
demo_session_04,31,1786094374.788972,2026-08-07T14:49:34.788972,release,5,False
demo_session_04,32,1786094380.8248322,2026-08-07T14:49:40.824832,press,5,False
demo_session_04,32,1786094380.9164267,2026-08-07T14:49:40.916427,release,5,False
demo_session_04,32,1786094381.2541118,2026-08-07T14:49:41.254112,press,9,False
demo_session_04,32,1786094381.4018,2026-08-07T14:49:41.401800,release,9,False
demo_session_04,32,1786094381.7533085,2026-08-07T14:49:41.753309,press,BackSpace,True
demo_session_04,32,1786094381.8890498,2026-08-07T14:49:41.889050,release,BackSpace,True
demo_session_04,32,1786094382.4638777,2026-08-07T14:49:42.463878,press,9,False
demo_session_04,32,1786094382.630832,2026-08-07T14:49:42.630832,release,9,False
demo_session_04,33,1786094386.7234216,2026-08-07T14:49:46.723422,press,8,False
demo_session_04,33,1786094386.8744686,2026-08-07T14:49:46.874469,release,8,False
demo_session_04,33,1786094387.5018935,2026-08-07T14:49:47.501894,press,4,False
demo_session_04,33,1786094387.6636438,2026-08-07T14:49:47.663644,release,4,False
demo_session_04,33,1786094388.0917554,2026-08-07T14:49:48.091755,press,BackSpace,True
demo_session_04,33,1786094388.2148757,2026-08-07T14:49:48.214876,release,BackSpace,True
demo_session_04,33,1786094388.6244366,2026-08-07T14:49:48.624437,press,4,False
demo_session_04,33,1786094388.7724755,2026-08-07T14:49:48.772475,release,4,False
demo_session_04,34,1786094391.945226,2026-08-07T14:49:51.945226,press,1,False
demo_session_04,34,1786094392.0830016,2026-08-07T14:49:52.083002,release,1,False
demo_session_04,34,1786094392.5657136,2026-08-07T14:49:52.565714,press,2,False
demo_session_04,34,1786094392.7318282,2026-08-07T14:49:52.731828,release,2,False
demo_session_04,34,1786094393.4092264,2026-08-07T14:49:53.409226,press,0,False
demo_session_04,34,1786094393.5971506,2026-08-07T14:49:53.597151,release,0,False
demo_session_04,34,1786094394.2400422,2026-08-07T14:49:54.240042,press,BackSpace,True
demo_session_04,34,1786094394.4000607,2026-08-07T14:49:54.400061,release,BackSpace,True
demo_session_04,34,1786094394.9113688,2026-08-07T14:49:54.911369,press,BackSpace,True
demo_session_04,34,1786094395.0948389,2026-08-07T14:49:55.094839,release,BackSpace,True
demo_session_04,34,1786094395.6651516,2026-08-07T14:49:55.665152,press,2,False
demo_session_04,34,1786094395.820959,2026-08-07T14:49:55.820959,release,2,False
demo_session_04,34,1786094396.3546033,2026-08-07T14:49:56.354603,press,0,False
demo_session_04,34,1786094396.5180304,2026-08-07T14:49:56.518030,release,0,False
demo_session_04,35,1786094397.6439326,2026-08-07T14:49:57.643933,press,1,False
demo_session_04,35,1786094397.756852,2026-08-07T14:49:57.756852,release,1,False
demo_session_04,35,1786094398.0394173,2026-08-07T14:49:58.039417,press,2,False
demo_session_04,35,1786094398.1828303,2026-08-07T14:49:58.182830,release,2,False
demo_session_04,35,1786094398.4862459,2026-08-07T14:49:58.486246,press,1,False
demo_session_04,35,1786094398.6190739,2026-08-07T14:49:58.619074,release,1,False
demo_session_04,35,1786094399.1875975,2026-08-07T14:49:59.187598,press,BackSpace,True
demo_session_04,35,1786094399.3112137,2026-08-07T14:49:59.311214,release,BackSpace,True
demo_session_04,35,1786094399.7530708,2026-08-07T14:49:59.753071,press,1,False
demo_session_04,35,1786094399.9256415,2026-08-07T14:49:59.925642,release,1,False
demo_session_04,36,1786094403.3850675,2026-08-07T14:50:03.385067,press,5,False
demo_session_04,36,1786094403.5294383,2026-08-07T14:50:03.529438,release,5,False
demo_session_04,37,1786094424.3937159,2026-08-07T14:50:24.393716,press,2,False
demo_session_04,37,1786094424.5502145,2026-08-07T14:50:24.550215,release,2,False
demo_session_04,37,1786094425.1428113,2026-08-07T14:50:25.142811,press,BackSpace,True
demo_session_04,37,1786094425.2697704,2026-08-07T14:50:25.269770,release,BackSpace,True
demo_session_04,37,1786094425.8227742,2026-08-07T14:50:25.822774,press,2,False
demo_session_04,37,1786094425.9994776,2026-08-07T14:50:25.999478,release,2,False
demo_session_04,38,1786094431.3006008,2026-08-07T14:50:31.300601,press,2,False
demo_session_04,38,1786094431.4405346,2026-08-07T14:50:31.440535,release,2,False
demo_session_04,38,1786094431.6998086,2026-08-07T14:50:31.699809,press,6,False
demo_session_04,38,1786094431.8301435,2026-08-07T14:50:31.830143,release,6,False
demo_session_04,38,1786094432.07909,2026-08-07T14:50:32.079090,press,BackSpace,True
demo_session_04,38,1786094432.262475,2026-08-07T14:50:32.262475,release,BackSpace,True
demo_session_04,38,1786094432.8642888,2026-08-07T14:50:32.864289,press,6,False
demo_session_04,38,1786094433.0363996,2026-08-07T14:50:33.036400,release,6,False
demo_session_04,39,1786094457.4879634,2026-08-07T14:50:57.487963,press,4,False
demo_session_04,39,1786094457.635835,2026-08-07T14:50:57.635835,release,4,False
demo_session_04,39,1786094458.2107048,2026-08-07T14:50:58.210705,press,0,False
demo_session_04,39,1786094458.3657565,2026-08-07T14:50:58.365757,release,0,False
demo_session_04,39,1786094458.8830621,2026-08-07T14:50:58.883062,press,BackSpace,True
demo_session_04,39,1786094459.0539033,2026-08-07T14:50:59.053903,release,BackSpace,True
demo_session_04,39,1786094459.6660178,2026-08-07T14:50:59.666018,press,0,False
demo_session_04,39,1786094459.8132482,2026-08-07T14:50:59.813248,release,0,False
demo_session_04,40,1786094463.8261962,2026-08-07T14:51:03.826196,press,9,False
demo_session_04,40,1786094463.992333,2026-08-07T14:51:03.992333,release,9,False
demo_session_04,40,1786094464.373972,2026-08-07T14:51:04.373972,press,5,False
demo_session_04,40,1786094464.5058162,2026-08-07T14:51:04.505816,release,5,False
demo_session_04,40,1786094465.0832691,2026-08-07T14:51:05.083269,press,BackSpace,True
demo_session_04,40,1786094465.2040725,2026-08-07T14:51:05.204072,release,BackSpace,True
demo_session_04,40,1786094465.6766036,2026-08-07T14:51:05.676604,press,5,False
demo_session_04,40,1786094465.8431497,2026-08-07T14:51:05.843150,release,5,False
demo_session_04,41,1786094469.8383865,2026-08-07T14:51:09.838387,press,6,False
demo_session_04,41,1786094469.9804723,2026-08-07T14:51:09.980472,release,6,False
demo_session_04,41,1786094470.4306324,2026-08-07T14:51:10.430632,press,3,False
demo_session_04,41,1786094470.5930154,2026-08-07T14:51:10.593015,release,3,False
demo_session_04,41,1786094471.146858,2026-08-07T14:51:11.146858,press,BackSpace,True
demo_session_04,41,1786094471.2970014,2026-08-07T14:51:11.297001,release,BackSpace,True
demo_session_04,41,1786094471.8082347,2026-08-07T14:51:11.808235,press,3,False
demo_session_04,41,1786094471.94139,2026-08-07T14:51:11.941390,release,3,False
demo_session_04,42,1786094475.5580108,2026-08-07T14:51:15.558011,press,1,False
demo_session_04,42,1786094475.7211263,2026-08-07T14:51:15.721126,release,1,False
demo_session_04,42,1786094476.5502524,2026-08-07T14:51:16.550252,press,8,False
demo_session_04,42,1786094476.7137032,2026-08-07T14:51:16.713703,release,8,False
demo_session_04,42,1786094477.0733771,2026-08-07T14:51:17.073377,press,BackSpace,True
demo_session_04,42,1786094477.21595,2026-08-07T14:51:17.215950,release,BackSpace,True
demo_session_04,42,1786094477.7062416,2026-08-07T14:51:17.706242,press,8,False
demo_session_04,42,1786094477.9162564,2026-08-07T14:51:17.916256,release,8,False
demo_session_04,43,1786094481.5396292,2026-08-07T14:51:21.539629,press,1,False
demo_session_04,43,1786094481.7165074,2026-08-07T14:51:21.716507,release,1,False
demo_session_04,43,1786094482.4799664,2026-08-07T14:51:22.479966,press,0,False
demo_session_04,43,1786094482.6105535,2026-08-07T14:51:22.610554,release,0,False
demo_session_04,43,1786094483.0680034,2026-08-07T14:51:23.068003,press,8,False
demo_session_04,43,1786094483.2418962,2026-08-07T14:51:23.241896,release,8,False
demo_session_04,43,1786094483.767817,2026-08-07T14:51:23.767817,press,BackSpace,True
demo_session_04,43,1786094483.9294355,2026-08-07T14:51:23.929435,release,BackSpace,True
demo_session_04,43,1786094484.4603052,2026-08-07T14:51:24.460305,press,BackSpace,True
demo_session_04,43,1786094484.6511316,2026-08-07T14:51:24.651132,release,BackSpace,True
demo_session_04,43,1786094485.1906338,2026-08-07T14:51:25.190634,press,0,False
demo_session_04,43,1786094485.3835213,2026-08-07T14:51:25.383521,release,0,False
demo_session_04,43,1786094485.9380052,2026-08-07T14:51:25.938005,press,8,False
demo_session_04,43,1786094486.114319,2026-08-07T14:51:26.114319,release,8,False
demo_session_04,44,1786094488.3259404,2026-08-07T14:51:28.325940,press,7,False
demo_session_04,44,1786094488.4876134,2026-08-07T14:51:28.487613,release,7,False
demo_session_04,44,1786094489.1293917,2026-08-07T14:51:29.129392,press,7,False
demo_session_04,44,1786094489.280689,2026-08-07T14:51:29.280689,release,7,False
demo_session_04,44,1786094489.6546533,2026-08-07T14:51:29.654653,press,BackSpace,True
demo_session_04,44,1786094489.8297763,2026-08-07T14:51:29.829776,release,BackSpace,True
demo_session_04,44,1786094490.1442416,2026-08-07T14:51:30.144242,press,7,False
demo_session_04,44,1786094490.3191295,2026-08-07T14:51:30.319129,release,7,False
demo_session_04,45,1786094494.8470657,2026-08-07T14:51:34.847066,press,5,False
demo_session_04,45,1786094494.9753046,2026-08-07T14:51:34.975305,release,5,False
demo_session_04,45,1786094495.680761,2026-08-07T14:51:35.680761,press,2,False
demo_session_04,45,1786094495.8282917,2026-08-07T14:51:35.828292,release,2,False
demo_session_04,45,1786094496.3799531,2026-08-07T14:51:36.379953,press,BackSpace,True
demo_session_04,45,1786094496.5650222,2026-08-07T14:51:36.565022,release,BackSpace,True
demo_session_04,45,1786094497.076385,2026-08-07T14:51:37.076385,press,BackSpace,True
demo_session_04,45,1786094497.272423,2026-08-07T14:51:37.272423,release,BackSpace,True
demo_session_04,45,1786094497.757063,2026-08-07T14:51:37.757063,press,5,False
demo_session_04,45,1786094497.924681,2026-08-07T14:51:37.924681,release,5,False
demo_session_04,45,1786094498.509319,2026-08-07T14:51:38.509319,press,2,False
demo_session_04,45,1786094498.6484115,2026-08-07T14:51:38.648412,release,2,False
demo_session_04,46,1786094501.5349648,2026-08-07T14:51:41.534965,press,9,False
demo_session_04,46,1786094501.7089484,2026-08-07T14:51:41.708948,release,9,False
demo_session_04,46,1786094502.1640167,2026-08-07T14:51:42.164017,press,6,False
demo_session_04,46,1786094502.3202982,2026-08-07T14:51:42.320298,release,6,False
demo_session_04,46,1786094502.806921,2026-08-07T14:51:42.806921,press,BackSpace,True
demo_session_04,46,1786094502.998403,2026-08-07T14:51:42.998403,release,BackSpace,True
demo_session_04,46,1786094503.6315184,2026-08-07T14:51:43.631518,press,6,False
demo_session_04,46,1786094503.822741,2026-08-07T14:51:43.822741,release,6,False
demo_session_04,47,1786094510.1804335,2026-08-07T14:51:50.180434,press,1,False
demo_session_04,47,1786094510.3891478,2026-08-07T14:51:50.389148,release,1,False
demo_session_04,47,1786094510.994615,2026-08-07T14:51:50.994615,press,1,False
demo_session_04,47,1786094511.1501398,2026-08-07T14:51:51.150140,release,1,False
demo_session_04,47,1786094511.7933788,2026-08-07T14:51:51.793379,press,7,False
demo_session_04,47,1786094511.9790084,2026-08-07T14:51:51.979008,release,7,False
demo_session_04,48,1786094517.2200747,2026-08-07T14:51:57.220075,press,2,False
demo_session_04,48,1786094517.3916924,2026-08-07T14:51:57.391692,release,2,False
demo_session_04,48,1786094518.222624,2026-08-07T14:51:58.222624,press,1,False
demo_session_04,48,1786094518.372102,2026-08-07T14:51:58.372102,release,1,False
demo_session_04,48,1786094518.8834515,2026-08-07T14:51:58.883451,press,BackSpace,True
demo_session_04,48,1786094519.035183,2026-08-07T14:51:59.035183,release,BackSpace,True
demo_session_04,48,1786094519.5418158,2026-08-07T14:51:59.541816,press,BackSpace,True
demo_session_04,48,1786094519.711523,2026-08-07T14:51:59.711523,release,BackSpace,True
demo_session_04,48,1786094520.332474,2026-08-07T14:52:00.332474,press,BackSpace,True
demo_session_04,48,1786094520.5165324,2026-08-07T14:52:00.516532,release,BackSpace,True
demo_session_04,48,1786094520.9176686,2026-08-07T14:52:00.917669,press,2,False
demo_session_04,48,1786094521.0863853,2026-08-07T14:52:01.086385,release,2,False
demo_session_04,48,1786094521.6778464,2026-08-07T14:52:01.677846,press,1,False
demo_session_04,48,1786094521.8610363,2026-08-07T14:52:01.861036,release,1,False
demo_session_04,49,1786094524.4083374,2026-08-07T14:52:04.408337,press,3,False
demo_session_04,49,1786094524.5824172,2026-08-07T14:52:04.582417,release,3,False
demo_session_04,49,1786094525.276195,2026-08-07T14:52:05.276195,press,3,False
demo_session_04,49,1786094525.4591696,2026-08-07T14:52:05.459170,release,3,False
demo_session_04,50,1786094533.6892273,2026-08-07T14:52:13.689227,press,7,False
demo_session_04,50,1786094533.8604743,2026-08-07T14:52:13.860474,release,7,False
demo_session_04,50,1786094534.3722086,2026-08-07T14:52:14.372209,press,4,False
demo_session_04,50,1786094534.5779963,2026-08-07T14:52:14.577996,release,4,False
demo_session_04,50,1786094534.9056673,2026-08-07T14:52:14.905667,press,BackSpace,True
demo_session_04,50,1786094535.0915837,2026-08-07T14:52:15.091584,release,BackSpace,True
demo_session_04,50,1786094535.7021782,2026-08-07T14:52:15.702178,press,BackSpace,True
demo_session_04,50,1786094535.8558152,2026-08-07T14:52:15.855815,release,BackSpace,True
demo_session_04,50,1786094536.4938784,2026-08-07T14:52:16.493878,press,BackSpace,True
demo_session_04,50,1786094536.6814816,2026-08-07T14:52:16.681482,release,BackSpace,True
demo_session_04,50,1786094537.3072429,2026-08-07T14:52:17.307243,press,7,False
demo_session_04,50,1786094537.5037608,2026-08-07T14:52:17.503761,release,7,False
demo_session_04,50,1786094538.1288533,2026-08-07T14:52:18.128853,press,4,False
demo_session_04,50,1786094538.2628605,2026-08-07T14:52:18.262861,release,4,False
