session_id,question_index,question_text,correct_answer,user_answer,is_correct,response_time_sec,elapsed_session_time_sec,difficulty_tier
demo_session_08,1,72 + 43 = ?,115,105,0,6.326738150365731,6.326738119125366,Tier 2 - Medium Arithmetic
demo_session_08,2,4 * 5 = ?,20,20,1,3.766876184781061,10.093614339828491,Tier 2 - Medium Arithmetic
demo_session_08,3,24 + 71 = ?,95,95,1,4.106043835221389,14.199658155441284,Tier 2 - Medium Arithmetic
demo_session_08,4,75 - 51 = ?,24,24,1,5.589882378433463,19.7895405292511,Tier 2 - Medium Arithmetic
demo_session_08,5,10 * 7 = ?,70,70,1,3.5386671486212173,23.32820773124695,Tier 2 - Medium Arithmetic
demo_session_08,6,47 - 46 = ?,1,1,1,5.475500515981886,28.80370831489563,Tier 2 - Medium Arithmetic
demo_session_08,7,55 - 41 = ?,14,14,1,4.869218495724903,33.672926902770996,Tier 2 - Medium Arithmetic
demo_session_08,8,31 + 60 = ?,91,91,1,5.3149409732423685,52.095792055130005,Tier 2 - Medium Arithmetic
demo_session_08,9,78 + 22 = ?,100,100,1,6.622508950990753,58.71830105781555,Tier 2 - Medium Arithmetic
demo_session_08,10,76 + 44 = ?,120,120,1,7.10919308243907,75.83818769454956,Tier 2 - Medium Arithmetic
demo_session_08,11,20 + 57 = ?,77,77,1,4.292239012163032,80.13042664527893,Tier 2 - Medium Arithmetic
demo_session_08,12,8 * 11 = ?,88,88,1,4.539086380666283,84.66951298713684,Tier 2 - Medium Arithmetic
demo_session_08,13,13 * 8 = ?,104,103,0,5.306847016914162,89.97636008262634,Tier 2 - Medium Arithmetic
demo_session_08,14,97 - 55 = ?,42,41,0,4.378967947878309,94.35532808303833,Tier 2 - Medium Arithmetic
demo_session_08,15,19 + 33 = ?,52,52,1,4.704406333949338,99.05973434448242,Tier 2 - Medium Arithmetic
demo_session_08,16,53 + 21 = ?,74,74,1,4.1482179162453905,103.20795226097107,Tier 2 - Medium Arithmetic
demo_session_08,17,9 * 8 = ?,72,72,1,4.953231774906294,128.4379632472992,Tier 2 - Medium Arithmetic
demo_session_08,18,6 * 7 = ?,42,42,1,4.76147532091315,148.63498640060425,Tier 2 - Medium Arithmetic
demo_session_08,19,26 + 15 = ?,41,41,1,3.8445671789762312,152.47955346107483,Tier 2 - Medium Arithmetic
demo_session_08,20,10 * 11 = ?,110,109,0,5.079758547384703,157.55931210517883,Tier 2 - Medium Arithmetic
demo_session_08,21,69 - 66 = ?,3,-7,0,6.122106537675271,163.68141865730286,Tier 2 - Medium Arithmetic
demo_session_08,22,35 + 29 = ?,64,64,1,4.462118233993221,168.14353680610657,Tier 2 - Medium Arithmetic
demo_session_08,23,9 * 10 = ?,90,100,0,4.626759506321066,172.77029633522034,Tier 2 - Medium Arithmetic
demo_session_08,24,26 + 75 = ?,101,101,1,5.700936393429584,178.47123265266418,Tier 2 - Medium Arithmetic
demo_session_08,25,9 * 7 = ?,63,63,1,6.9184583586569754,185.38969111442566,Tier 2 - Medium Arithmetic
demo_session_08,26,55 - 39 = ?,16,16,1,5.045576140060633,190.4352672100067,Tier 2 - Medium Arithmetic
demo_session_08,27,13 * 6 = ?,78,78,1,5.665057334458597,196.1003246307373,Tier 2 - Medium Arithmetic
demo_session_08,28,96 - 26 = ?,70,70,1,5.565161227433399,201.66548585891724,Tier 2 - Medium Arithmetic
demo_session_08,29,4 * 10 = ?,40,40,1,6.796425968884472,208.4619119167328,Tier 2 - Medium Arithmetic
demo_session_08,30,44 + 83 = ?,127,127,1,5.563857925308223,214.02576994895935,Tier 2 - Medium Arithmetic
demo_session_08,31,91 - 20 = ?,71,72,0,5.456723826298578,219.4824938774109,Tier 2 - Medium Arithmetic
demo_session_08,32,31 - 28 = ?,3,3,1,5.957202888013451,225.43969678878784,Tier 2 - Medium Arithmetic
demo_session_08,33,63 + 40 = ?,103,105,0,5.680168246010326,231.1198649406433,Tier 2 - Medium Arithmetic
demo_session_08,34,54 + 54 = ?,108,108,1,6.590129341858173,237.70999431610107,Tier 2 - Medium Arithmetic
demo_session_08,35,25 + 21 = ?,46,48,0,5.9217919075625085,243.63178610801697,Tier 2 - Medium Arithmetic
demo_session_08,36,7 * 5 = ?,35,35,1,5.544417291999561,249.1762034893036,Tier 2 - Medium Arithmetic
demo_session_08,37,55 - 23 = ?,32,32,1,8.292664227439127,257.4688677787781,Tier 2 - Medium Arithmetic
demo_session_08,38,36 + 36 = ?,72,82,0,7.2232881263264765,264.6921558380127,Tier 2 - Medium Arithmetic
demo_session_08,39,12 * 4 = ?,48,48,1,6.091221384583834,270.78337717056274,Tier 2 - Medium Arithmetic
demo_session_08,40,11 * 10 = ?,110,110,1,8.395447447016423,302.65590476989746,Tier 2 - Medium Arithmetic
demo_session_08,41,8 * 6 = ?,48,48,1,6.033993614534073,308.68989849090576,Tier 2 - Medium Arithmetic
demo_session_08,42,55 + 77 = ?,132,132,1,6.336773844682259,315.02667236328125,Tier 2 - Medium Arithmetic
demo_session_08,43,29 + 72 = ?,101,103,0,7.0978290523676995,322.1245014667511,Tier 2 - Medium Arithmetic
demo_session_08,44,87 - 23 = ?,64,64,1,8.783573393094617,347.5868399143219,Tier 2 - Medium Arithmetic
demo_session_08,45,8 * 9 = ?,72,72,1,6.191592924856351,353.77843284606934,Tier 2 - Medium Arithmetic
demo_session_08,46,86 - 54 = ?,32,32,1,6.047829618012958,359.82626247406006,Tier 2 - Medium Arithmetic
demo_session_08,47,14 * 6 = ?,84,85,0,7.276391989177078,367.1026544570923,Tier 2 - Medium Arithmetic
demo_session_08,48,46 + 34 = ?,80,81,0,7.575189545482164,374.6778440475464,Tier 2 - Medium Arithmetic
demo_session_08,49,10 * 6 = ?,60,60,1,8.40803004611694,383.08587408065796,Tier 2 - Medium Arithmetic
demo_session_08,50,83 - 31 = ?,52,62,0,7.416644094143469,390.50251817703247,Tier 2 - Medium Arithmetic
